구분,장번호,장명,절번호,절명,참조번호,조명,조,항,호,목,내용
조,1,총칙,,,제1조,목적,제1조,0,0,0,이 세칙은 「시장감시규정」의 시행에 관하여 필요한 사항을 규정함을 목적으로 한다.<개정 2020. 3. 18.>
조,1,총칙,,,제2조,정의,제2조,0,0,0,이 세칙에서 사용하는 용어의 정의는 「시장감시규정」(이하 “규정”이라 한다)이 정하는 바에 의한다.<개정 2020. 3. 18.>
항,2,시장의 건전성 유지,,,제2조의2제①항,예방조치요구 등의 대상선정 및 방법,제2조의2,①,0,0,"① 규정 제5조 제4항에 따라 위원회는 시장감시위원장(이하 “위원장”이라 한다)이 정하는 기준에 해당하는 계좌와 관련된 회원에게 장중 건전주문 안내 및 예방조치에 대한 요구를 할 수 있다. 이 경우 다음 각 호의 어느 하나에 해당하는 경우에는 주문수탁의 거부예고 이상의 예방조치에 대한 요구를 할 수 있다.<개정 2012. 3. 8., 2014. 7. 31., 2022. 11. 23., 2023. 2. 8.>"
호,2,시장의 건전성 유지,,,제2조의2제①항제1호,예방조치요구 등의 대상선정 및 방법,제2조의2,①,1,0,투자경고종목 또는 투자위험종목에 관여하여 예방조치요구를 받는 경우
호,2,시장의 건전성 유지,,,제2조의2제①항제2호,예방조치요구 등의 대상선정 및 방법,제2조의2,①,2,0,이상급등종목에 관여하여 예방조치요구를 받는 경우
호,2,시장의 건전성 유지,,,제2조의2제①항제3호,예방조치요구 등의 대상선정 및 방법,제2조의2,①,3,0,"불건전 매매양태의 반복, 계좌의 과거 불건전 매매 이력, 과도한 주가 변동 등을 감안할 때 불공정거래에 해당할 우려가 높다고 판단되어 예방조치요구를 받는 경우"
항,2,시장의 건전성 유지,,,제2조의2제②항,예방조치요구 등의 대상선정 및 방법,제2조의2,②,0,0,"② 제1항에 따른 장중 건전주문 안내 또는 예방조치를 요구받은 회원은 위원회가 정하는 바에 따라 해당 고객에게 장중 건전주문 안내 또는 경고, 주문수탁의 거부예고, 주문수탁의 거부 등 불공정거래의 예방을 위한 적절한 조치를 하여야 한다.<개정 2012. 3. 8., 2014. 7. 31., 2018. 12. 11., 2023. 2. 8.>"
호,2,시장의 건전성 유지,,,제2조의2제②항제1호,예방조치요구 등의 대상선정 및 방법,제2조의2,②,1,0,삭제<2023. 2. 8.>
호,2,시장의 건전성 유지,,,제2조의2제②항제2호,예방조치요구 등의 대상선정 및 방법,제2조의2,②,2,0,삭제<2023. 2. 8.>
호,2,시장의 건전성 유지,,,제2조의2제②항제3호,예방조치요구 등의 대상선정 및 방법,제2조의2,②,3,0,삭제<2023. 2. 8.>
항,2,시장의 건전성 유지,,,제2조의2제③항,예방조치요구 등의 대상선정 및 방법,제2조의2,③,0,0,③ 제1항에 따른 예방조치요구를 받은 회원은 매분기가 종료된 달의 다음달 10일(당일이 「관공서의 공휴일에 관한 규정」에 따른 공휴일 또는 토요일인 경우에는 그 다음 매매거래일로 순연한다) 이내에 그 조치결과를 위원회에 통보하여야 한다. [본조신설 2009. 2. 3.]
조,2,시장의 건전성 유지,,,제2조의3,투자유의 안내,제2조의3,0,0,0,"규정 제5조 제4항에 따라 위원회는 다음 각 호의 어느 하나에 해당하는 경우, 투자자의 피해 예방을 위하여 인터넷 홈페이지 게재 등의 방법으로 투자유의사항 등을 투자자에게 안내할 수 있다."
호,2,시장의 건전성 유지,,,제2조의3제1호,투자유의 안내,제2조의3,0,1,0,불공정거래 등 시장질서 저해행위로 다수 투자자의 피해가 발생하거나 예상되는 경우
호,2,시장의 건전성 유지,,,제2조의3제2호,투자유의 안내,제2조의3,0,2,0,그밖에 자본시장에 중대한 영향을 미칠 수 있는 사건이 발생하거나 예상되는 경우 [본조신설 2012. 8. 27.]
항,2,시장의 건전성 유지,,,제2조의4제①항,회원에 대한 컨설팅,제2조의4,①,0,0,① 규정 제5조제4항에 따라 위원회는 회원에 대하여 회원의 불공정거래 예방과 한국거래소(이하 “거래소”라 한다)의 업무관련규정(거래참가자의 경우에는 규정 및 해당 다자간매매체결회사의 업무기준을 말한다. 이하 “업무관련규정”이라 한다) 준수를 지원하기 위한 컨설팅(이하 “컨설팅”이라 한다)을 할 수 있다.<개정 2025. 2. 27.>
항,2,시장의 건전성 유지,,,제2조의4제②항,회원에 대한 컨설팅,제2조의4,②,0,0,"② 위원회는 회원과 컨설팅 대상, 컨설팅 기간·방법, 자료수집 범위 등을 사전에 협의할 수 있다."
항,2,시장의 건전성 유지,,,제2조의4제③항,회원에 대한 컨설팅,제2조의4,③,0,0,③ 위원회는 컨설팅을 위하여 필요하다고 인정하는 경우에는 회원에게 자료제출 등을 요청할 수 있다.
항,2,시장의 건전성 유지,,,제2조의4제④항,회원에 대한 컨설팅,제2조의4,④,0,0,"④ 위원회가 제3항에 따라 회원에게 자료제출 등을 요청하는 경우에는 그 사유, 자료의 종류, 제출기한 등을 기재한 서면으로 하여야 한다. [본조신설 2016. 4. 18.]"
항,2,시장의 건전성 유지,,,제2조의5제①항,회원에 대한 컨설팅 절차 및 방법,제2조의5,①,0,0,"① 컨설팅은 다음 각 호의 어느 하나에 해당하는 경우에 실시할 수 있다.<개정 2017. 2. 10., 2022. 11. 23.>"
호,2,시장의 건전성 유지,,,제2조의5제①항제1호,회원에 대한 컨설팅 절차 및 방법,제2조의5,①,1,0,위원회가 정한 연간 컨설팅 계획에 따른 경우
호,2,시장의 건전성 유지,,,제2조의5제①항제2호,회원에 대한 컨설팅 절차 및 방법,제2조의5,①,2,0,회원의 요청이 있는 경우
호,2,시장의 건전성 유지,,,제2조의5제①항제3호,회원에 대한 컨설팅 절차 및 방법,제2조의5,①,3,0,위원장이 시장질서 유지 및 투자자보호를 위하여 필요하다고 인정하는 경우
항,2,시장의 건전성 유지,,,제2조의5제②항,회원에 대한 컨설팅 절차 및 방법,제2조의5,②,0,0,② 회원은 제1항제2호에 따라 컨설팅을 요청하는 경우에는 별지 제17호의 서식에 따른 컨설팅 요청서를 작성하여 제출하여야 한다. 이 경우 위원회는 회원이 요청한 컨설팅 내용과 동일하거나 유사한 내용의 심리 또는 감리를 실시 중이거나 실시할 예정인 경우에는 해당 회원의 컨설팅 요청을 거부할 수 있다.
항,2,시장의 건전성 유지,,,제2조의5제③항,회원에 대한 컨설팅 절차 및 방법,제2조의5,③,0,0,③ 컨설팅은 시장감시요원(감리를 담당하는 직원에 한한다)이 현지출장하여 실시하는 컨설팅 또는 서면 또는 그 밖의 수단으로 실시하는 컨설팅의 방법으로 실시한다. 이 경우 위원회는 사전에 회원에게 서면으로 통지하여야 한다.
항,2,시장의 건전성 유지,,,제2조의5제④항,회원에 대한 컨설팅 절차 및 방법,제2조의5,④,0,0,④ 제3항에도 불구하고 위원회는 컨설팅의 효율성 등을 위하여 필요하다고 인정하는 경우에는 회원의 동의를 받아 위원회 등 기타 장소에서 컨설팅을 실시할 수 있다.
항,2,시장의 건전성 유지,,,제2조의5제⑤항,회원에 대한 컨설팅 절차 및 방법,제2조의5,⑤,0,0,⑤ 컨설팅에 대한 세부적인 절차 및 방법에 관하여 필요한 사항은 위원장이 정한다. [본조신설 2016. 4. 18.]
항,2,시장의 건전성 유지,,,제2조의6제①항,컨설팅 결과 통보 등,제2조의6,①,0,0,① 컨설팅을 종료한 때에는 회원의 불공정거래 예방과 업무관련규정의 준수를 지원하기 위하여 필요한 사항 등이 반영된 컨설팅 결과보고서를 회원에게 통보하여야 한다.
항,2,시장의 건전성 유지,,,제2조의6제②항,컨설팅 결과 통보 등,제2조의6,②,0,0,② 위원회는 다음 각 호의 어느 하나에 해당하는 경우에는 회원의 관련 업무 담당 임원을 대상으로 컨설팅 결과에 대한 설명을 실시할 수 있다.
호,2,시장의 건전성 유지,,,제2조의6제②항제1호,컨설팅 결과 통보 등,제2조의6,②,1,0,회원으로 하여금 컨설팅 내용의 반영을 촉진하기 위하여 설명이 필요한 경우
호,2,시장의 건전성 유지,,,제2조의6제②항제2호,컨설팅 결과 통보 등,제2조의6,②,2,0,회원의 요청으로 컨설팅을 실시한 경우
항,2,시장의 건전성 유지,,,제2조의6제③항,컨설팅 결과 통보 등,제2조의6,③,0,0,"③ 위원회는 컨설팅 결과 제14조제1항제4호부터 제6호까지의 징계 기준 또는 제14조제2항제1호부터 제3호까지의 조치기준에 해당하는 사실을 발견한 경우에는 위규내용, 시정필요사항 및 시정결과 통보기한이 기재된 시정사항을 해당 회원에게 통보할 수 있다."
항,2,시장의 건전성 유지,,,제2조의6제④항,컨설팅 결과 통보 등,제2조의6,④,0,0,④ 제3항에 불구하고 위원회는 컨설팅 결과 회원이 다음 각 호의 어느 하나에 해당하는 경우에는 규정 제16조에 따른 감리를 실시할 수 있다.<개정 2018. 9. 7.>
호,2,시장의 건전성 유지,,,제2조의6제④항제1호,컨설팅 결과 통보 등,제2조의6,④,1,0,제14조제1항제1호부터 제3호까지 조치기준 또는 별표 1의 회원제재금 부과기준상 위반 원인의 중대성이 '상'에 해당하는 사실을 발견한 경우
호,2,시장의 건전성 유지,,,제2조의6제④항제2호,컨설팅 결과 통보 등,제2조의6,④,2,0,회원이 제3항에 따른 시정결과 통보기한까지 시정사항을 이행하지 않은 경우
호,2,시장의 건전성 유지,,,제2조의6제④항제3호,컨설팅 결과 통보 등,제2조의6,④,3,0,투자자보호나 시장건전성에 반하는 행위로서 위원회가 인정하는 경우 [본조신설 2016. 4. 18.]
항,2,시장의 건전성 유지,,,제2조의7제①항,컨설팅 자문위원회,제2조의7,①,0,0,① 위원회는 회원에 대한 컨설팅을 제공하기 위하여 전문가 등으로 구성된 컨설팅 자문위원회를 둘 수 있다.
항,2,시장의 건전성 유지,,,제2조의7제②항,컨설팅 자문위원회,제2조의7,②,0,0,② 컨설팅 자문위원회의 구성과 운영에 관하여 세부적인 사항은 위원장이 정한다. [본조신설 2016. 4. 18.]
항,2,시장의 건전성 유지,,,제2조의8제①항,주권상장법인에 대한 교육,제2조의8,①,0,0,① 규정 제5조제4항에 따라 위원회는 주권상장법인에 대하여 불공정거래 예방과 업무관련규정 준수를 지원하기 위한 불공정거래 예방교육(이하 “교육”이라 한다)을 할 수 있다.
항,2,시장의 건전성 유지,,,제2조의8제②항,주권상장법인에 대한 교육,제2조의8,②,0,0,"② 위원회는 주권상장법인과 교육 대상, 내용, 시기 및 방법 등을 사전에 협의할 수 있다. [본조신설 2016. 5. 31.]"
항,2,시장의 건전성 유지,,,제2조의9제①항,주권상장법인에 대한 교육 절차 및 방법,제2조의9,①,0,0,① 교육은 다음 각 호의 어느 하나에 해당하는 경우에 실시할 수 있다.
호,2,시장의 건전성 유지,,,제2조의9제①항제1호,주권상장법인에 대한 교육 절차 및 방법,제2조의9,①,1,0,위원회가 정하는 연간 교육 계획에 따른 경우
호,2,시장의 건전성 유지,,,제2조의9제①항제2호,주권상장법인에 대한 교육 절차 및 방법,제2조의9,①,2,0,주권상장법인의 요청이 있는 경우
호,2,시장의 건전성 유지,,,제2조의9제①항제3호,주권상장법인에 대한 교육 절차 및 방법,제2조의9,①,3,0,위원장이 공정거래질서의 유지 및 투자자보호를 위해 필요하다고 인정하는 경우
항,2,시장의 건전성 유지,,,제2조의9제②항,주권상장법인에 대한 교육 절차 및 방법,제2조의9,②,0,0,② 주권상장법인은 제1항제2호에 따라 교육을 요청하는 경우에는 별지 제18호의 서식에 따른 예방교육 요청서를 작성하여 제출하여야 한다.
항,2,시장의 건전성 유지,,,제2조의9제③항,주권상장법인에 대한 교육 절차 및 방법,제2조의9,③,0,0,"③ 교육은 거래소가 정하는 집합교육, 시장감시요원이 현지출장하여 실시하는 방문교육 또는 위원회가 제공하는 온라인 교육 등의 방법으로 실시할 수 있다."
항,2,시장의 건전성 유지,,,제2조의9제④항,주권상장법인에 대한 교육 절차 및 방법,제2조의9,④,0,0,④ 교육에 대한 세부적인 절차 및 방법에 관하여 필요한 사항은 위원장이 정한다. [본조신설 2016. 5. 31.]
항,2,시장의 건전성 유지,,,제2조의10제①항,주권상장법인에 대한 준법컨설팅,제2조의10,①,0,0,① 규정 제5조제4항에 따라 위원회는 주권상장법인에 대하여 불공정거래 예방을 지원하기 위한 준법컨설팅을 할 수 있다.
항,2,시장의 건전성 유지,,,제2조의10제②항,주권상장법인에 대한 준법컨설팅,제2조의10,②,0,0,② 제1항에 따른 준법컨설팅의 실시와 관련하여 필요한 사항은 위원장이 정한다. [본조신설 2017. 2. 10.]
항,2,시장의 건전성 유지,,,제2조의11제①항,주권상장법인 임직원 등록시스템 운영,제2조의11,①,0,0,"① 규정 제5조제4항에 따라 위원회는 주권상장법인의 불공정거래 예방활동을 지원하기 위하여 주권상장법인이 그 임직원(주요주주를 포함한다)의 성명, 생년월일, 계좌번호 등을 등록하고 그 임직원이 해당 주권상장법인(계열회사를 포함한다)의 주권을 매매하는 경우 해당 주권상장법인에 매매사실을 알리는 시스템(이하 “주권상장법인 임직원 등록시스템”이라 한다)을 운영할 수 있다."
항,2,시장의 건전성 유지,,,제2조의11제②항,주권상장법인 임직원 등록시스템 운영,제2조의11,②,0,0,② 주권상장법인은 주권상장법인 임직원 등록시스템을 이용하려는 경우에는 정보주체인 임직원의 동의를 받아 별지 제19호 서식의 임직원 등록 및 매매알림 서비스 이용신청서를 작성하여 제출하여야 한다.
항,2,시장의 건전성 유지,,,제2조의11제③항,주권상장법인 임직원 등록시스템 운영,제2조의11,③,0,0,③ 주권상장법인 임직원 등록시스템의 운영과 관련하여 필요한 사항은 위원장이 정한다. [본조신설 2018. 12. 11.]
항,2,시장의 건전성 유지,,,제3조제①항,투자주의종목의 지정 등,제3조,①,0,0,"① 규정 제5조의2제1항 각 호 외의 부분에서 “세칙으로 정하는 증권”이란 증권예탁증권 및 주식워런트증권을 말한다.<신설 2009. 2. 3., 2012. 3. 8., 2012. 10. 5., 2014. 10. 31., 2018. 2. 2.>"
항,2,시장의 건전성 유지,,,제3조제②항,투자주의종목의 지정 등,제3조,②,0,0,"② 규정 제5조의2제1항제1호에서 “소수지점거래집중종목”이란 최근 3일간 다음 각 호의 어느 하나에 해당하는 종목을 말하며, 그 다음 매매거래일 1일간 투자주의종목으로 지정하여 공표한다.<개정 2009. 11. 27., 2011. 2. 11., 2012. 3. 8., 2012. 10. 5., 2018. 2. 2., 2020. 3. 18., 2021. 12. 15.>"
호,2,시장의 건전성 유지,,,제3조제②항제1호,투자주의종목의 지정 등,제3조,②,1,0,삭제
호,2,시장의 건전성 유지,,,제3조제②항제2호,투자주의종목의 지정 등,제3조,②,2,0,삭제
호,2,시장의 건전성 유지,,,제3조제②항제3호,투자주의종목의 지정 등,제3조,②,3,0,주식워런트증권의 경우에는 다음 각 목의 모두에 해당하는 종목. 이 경우 매매 관여율 계산시 지점의 매매 수량 및 일평균거래량에서 유동성공급자의 거래량은 제외한다.
목,2,시장의 건전성 유지,,,제3조제②항제3호가목,투자주의종목의 지정 등,제3조,②,3,가,가. 주식워런트증권의 가격이 상승한 경우
목,2,시장의 건전성 유지,,,제3조제②항제3호나목,투자주의종목의 지정 등,제3조,②,3,나,"나. 1개 지점 매수 관여율이 70%이상이거나, 5개 지점 매수 관여율이 90% 이상"
목,2,시장의 건전성 유지,,,제3조제②항제3호다목,투자주의종목의 지정 등,제3조,②,3,다,다. 매수 관여율이 가장 높은 지점의 매수 관여일수가 2일 이상
목,2,시장의 건전성 유지,,,제3조제②항제3호라목,투자주의종목의 지정 등,제3조,②,3,라,"라. 일평균거래량이 100,000증권 이상"
호,2,시장의 건전성 유지,,,제3조제②항제4호,투자주의종목의 지정 등,제3조,②,4,0,주식워런트증권의 경우에는 다음 각 목의 모두에 해당하는 종목. 이 경우 이 항 제3호 각 목 외의 부분 후단을 적용한다.
목,2,시장의 건전성 유지,,,제3조제②항제4호가목,투자주의종목의 지정 등,제3조,②,4,가,가. 주식워런트증권의 가격이 하락한 경우
목,2,시장의 건전성 유지,,,제3조제②항제4호나목,투자주의종목의 지정 등,제3조,②,4,나,"나. 1개 지점 매도 관여율이 70%이상이거나, 5개 지점 매도 관여율이 90% 이상"
목,2,시장의 건전성 유지,,,제3조제②항제4호다목,투자주의종목의 지정 등,제3조,②,4,다,다. 매도 관여율이 가장 높은 지점의 매도 관여일수가 2일 이상
목,2,시장의 건전성 유지,,,제3조제②항제4호라목,투자주의종목의 지정 등,제3조,②,4,라,"라. 일평균거래량 100,000증권 이상"
항,2,시장의 건전성 유지,,,제3조제③항,투자주의종목의 지정 등,제3조,③,0,0,"③ 규정 제5조의2제1항제2호에서 “소수계좌거래집중종목”이란 최근 3일간 다음 각 호의 어느 하나에 해당하는 종목을 말하며, 그 다음 매매거래일 1일간 투자주의종목으로 지정하여 공표한다.<개정 2009. 11. 27., 2011. 2. 11., 2012. 3. 8., 2012. 10. 5., 2021. 12. 15., 2022. 11. 23.>"
호,2,시장의 건전성 유지,,,제3조제③항제1호,투자주의종목의 지정 등,제3조,③,1,0,주권 또는 증권예탁증권(이하 “주권 등”이라 한다)의 경우에는 다음 각 목의 모두에 해당하는 종목
목,2,시장의 건전성 유지,,,제3조제③항제1호가목,투자주의종목의 지정 등,제3조,③,1,가,"가. 주가 상승률이 15% 이상. 다만, 코스피지수(유가증권시장 상장종목에 적용한다. 이하 이 조에서 같다) 또는 코스닥지수(코스닥시장 또는 코넥스시장 상장종목에 적용한다. 이하 이 조에서 같다)의 상승률이 3일간 8% 이상인 경우에는 주가 상승률 25% 이상으로 한다."
목,2,시장의 건전성 유지,,,제3조제③항제1호나목,투자주의종목의 지정 등,제3조,③,1,나,나. 매수 관여율 상위 10개 계좌의 매수 관여율이 40% 이상
목,2,시장의 건전성 유지,,,제3조제③항제1호다목,투자주의종목의 지정 등,제3조,③,1,다,다. 매수 관여율 상위 10개 계좌 중 5개 이상의 계좌의 관여일수가 2일 이상
목,2,시장의 건전성 유지,,,제3조제③항제1호라목,투자주의종목의 지정 등,제3조,③,1,라,"라. 일평균거래량이 30,000주 이상"
호,2,시장의 건전성 유지,,,제3조제③항제2호,투자주의종목의 지정 등,제3조,③,2,0,주권 등의 경우에는 다음 각 목의 모두에 해당하는 종목
목,2,시장의 건전성 유지,,,제3조제③항제2호가목,투자주의종목의 지정 등,제3조,③,2,가,"가. 주가 하락률이 15% 이상. 다만, 코스피지수 또는 코스닥지수의 하락률이 3일간 8% 이상인 경우에는 주가 하락률 25% 이상으로 한다."
목,2,시장의 건전성 유지,,,제3조제③항제2호나목,투자주의종목의 지정 등,제3조,③,2,나,나. 매도 관여율 상위 10개 계좌의 매도 관여율이 40% 이상
목,2,시장의 건전성 유지,,,제3조제③항제2호다목,투자주의종목의 지정 등,제3조,③,2,다,다. 매도 관여율 상위 10개 계좌 중 5개 이상의 계좌의 관여일수가 2일 이상
목,2,시장의 건전성 유지,,,제3조제③항제2호라목,투자주의종목의 지정 등,제3조,③,2,라,"라. 일평균거래량이 30,000주 이상"
호,2,시장의 건전성 유지,,,제3조제③항제3호,투자주의종목의 지정 등,제3조,③,3,0,주식워런트증권의 경우에는 다음 각 목의 모두에 해당하는 종목. 이 경우 매매 관여율 계산시 계좌의 매매 수량 및 일평균거래량에서 유동성공급자의 거래량은 제외한다. 이하 제4호에서 같다.
목,2,시장의 건전성 유지,,,제3조제③항제3호가목,투자주의종목의 지정 등,제3조,③,3,가,가. 주식워런트증권의 가격이 상승한 경우
목,2,시장의 건전성 유지,,,제3조제③항제3호나목,투자주의종목의 지정 등,제3조,③,3,나,나. 매수 관여율 상위 10개 계좌의 매수 관여율이 90% 이상
목,2,시장의 건전성 유지,,,제3조제③항제3호다목,투자주의종목의 지정 등,제3조,③,3,다,다. 매수 관여율 상위 10개 계좌 중 5개 이상의 계좌의 관여일수가 2일 이상
목,2,시장의 건전성 유지,,,제3조제③항제3호라목,투자주의종목의 지정 등,제3조,③,3,라,"라. 일평균거래량이 100,000증권 이상"
호,2,시장의 건전성 유지,,,제3조제③항제4호,투자주의종목의 지정 등,제3조,③,4,0,주식워런트증권의 경우에는 다음 각 목의 모두에 해당하는 종목
목,2,시장의 건전성 유지,,,제3조제③항제4호가목,투자주의종목의 지정 등,제3조,③,4,가,가. 주식워런트증권의 가격이 하락한 경우
목,2,시장의 건전성 유지,,,제3조제③항제4호나목,투자주의종목의 지정 등,제3조,③,4,나,나. 매도 관여율 상위 10개 계좌의 매도 관여율이 90% 이상
목,2,시장의 건전성 유지,,,제3조제③항제4호다목,투자주의종목의 지정 등,제3조,③,4,다,다. 매도 관여율 상위 10개 계좌 중 5개 이상의 계좌의 관여일수가 2일 이상
목,2,시장의 건전성 유지,,,제3조제③항제4호라목,투자주의종목의 지정 등,제3조,③,4,라,"라. 일평균거래량이 100,000증권 이상"
항,2,시장의 건전성 유지,,,제3조제④항,투자주의종목의 지정 등,제3조,④,0,0,"④ 규정 제5조의2제1항제3호에서 “세칙으로 정하는 종목”이란 주권 등으로서 다음 각 호의 어느 하나에 해당하는 종목을 말하며, 그 다음 매매거래일 1일간 투자주의종목으로 지정하여 공표할 수 있다.<개정 2008. 7. 24., 2009. 2. 3., 2009. 11. 27., 2011. 2. 11., 2012. 3. 8., 2012. 10. 5., 2014. 7. 31., 2014. 10. 31., 2015. 11. 20., 2015. 12. 11., 2017. 2. 10., 2017. 8. 11., 2018. 2. 2., 2020. 3. 18., 2021. 12. 15., 2022. 11. 23., 2023. 2. 8.>"
호,2,시장의 건전성 유지,,,제3조제④항제1호,투자주의종목의 지정 등,제3조,④,1,0,다음 각 목의 모두에 해당하는 종목(이하 “종가급변종목”이라 한다)
목,2,시장의 건전성 유지,,,제3조제④항제1호가목,투자주의종목의 지정 등,제3조,④,1,가,가. 장종료시의 가격결정시 형성된 가격이 직전가격 대비 5% 이상 상승 또는 하락(장종료시의 가격결정시 형성된 가격과 직전가격의 차이가 호가가격단위와 일치하는 경우를 제외한다)
목,2,시장의 건전성 유지,,,제3조제④항제1호나목,투자주의종목의 지정 등,제3조,④,1,나,"나. 당일 거래량이 30,000주 이상이고, 장종료시의 가격결정시 거래량이 당일 총거래량의 5% 이상<개정 2025. 2. 27.>"
호,2,시장의 건전성 유지,,,제3조제④항제2호,투자주의종목의 지정 등,제3조,④,2,0,상한가잔량 상위종목 : 당일 정규시장 종료시 상한가 매수호가의 미체결 수량이 10만주 이상이면서 미체결수량 상위 10개 계좌의 미체결수량 합계가 전체 미체결수량의 90% 이상인 종목
호,2,시장의 건전성 유지,,,제3조제④항제3호,투자주의종목의 지정 등,제3조,④,3,0,다음 각 목의 어느 하나에 해당하는 종목(이하 “단일계좌 거래량 상위종목”이라 한다)
목,2,시장의 건전성 유지,,,제3조제④항제3호가목,투자주의종목의 지정 등,제3조,④,3,가,"가. 당일 특정 계좌의 순매수 수량이 상장주식수 대비 2% 이상이고, 주가가 5% 이상 상승"
목,2,시장의 건전성 유지,,,제3조제④항제3호나목,투자주의종목의 지정 등,제3조,④,3,나,"나. 당일 특정 계좌의 순매도 수량이 상장주식수 대비 2% 이상이고, 주가가 5% 이상 하락"
호,2,시장의 건전성 유지,,,제3조제④항제4호,투자주의종목의 지정 등,제3조,④,4,0,15일간 상승종목의 당일 소수계좌 매수관여 과다종목 : 최근 15일간 주가상승률이 75% 이상이면서 15일째 되는 날의 매수관여율 상위 20개 계좌의 관여율 합계가 30% 이상인 종목
호,2,시장의 건전성 유지,,,제3조제④항제5호,투자주의종목의 지정 등,제3조,④,5,0,삭제
호,2,시장의 건전성 유지,,,제3조제④항제6호,투자주의종목의 지정 등,제3조,④,6,0,최근 3일간 다음 각 목의 모두에 해당하는 종목(이하 “특정계좌군 매매관여 과다종목”이라 한다)
목,2,시장의 건전성 유지,,,제3조제④항제6호가목,투자주의종목의 지정 등,제3조,④,6,가,"가. 주가상승률이 15% 이상. 다만, 코스피지수 또는 코스닥지수의 상승률이 3일간 8% 이상인 경우에는 주가 상승률 25% 이상으로 한다."
목,2,시장의 건전성 유지,,,제3조제④항제6호나목,투자주의종목의 지정 등,제3조,④,6,나,나. 특정 계좌 또는 위원장이 정하는 연계계좌군[이하 “특정계좌(군)”이라 한다]의 시세영향력을 고려하여 위원장이 정하는 매수 관여율이 5% 이상인 일수가 2일 이상
목,2,시장의 건전성 유지,,,제3조제④항제6호다목,투자주의종목의 지정 등,제3조,④,6,다,"다. 일평균 거래량이 30,000주 이상"
호,2,시장의 건전성 유지,,,제3조제④항제7호,투자주의종목의 지정 등,제3조,④,7,0,"풍문관여과다종목 : 최근 5일 동안 동일한 내용의 풍문등을 이유로 3회 이상 풍문관여종목으로 지정된 종목. 이 경우 풍문관여종목은 다음 각 목의 어느 하나에 해당하는 종목 중에서 시황, 공시내용, 상장법인의 대응여부 등을 고려하여 위원장이 지정한다."
목,2,시장의 건전성 유지,,,제3조제④항제7호가목,투자주의종목의 지정 등,제3조,④,7,가,가. 다음의 모두에 해당하는 종목 1) 당일의 인터넷포털의 증권 관련 게시판에 게시된 공정거래질서를 저해할 우려가 있는 풍문등(이하 이 호에서 “인터넷 풍문등”이라 한다)이 최근 5일 평균 대비 3배 이상 증가한 경우이거나 당일의 인터넷 풍문등의 조회수가 최근 1개월 평균 대비 3배이상 증가한 경우 2) 다음의 어느 하나에 해당할 것 가) 당일의 주가가 상한가인 경우 나) 당일의 주가가 최근 20일 중 최고가인 경우 다) 당일의 장중 주가가 일중 최저가 대비 30% 이상 변동하고 전일 대비 주가가 상승한 경우 라) 당일의 거래량이 최근 5일 평균 거래량 대비 3배 이상 증가한 경우 마) 주가상승이 「유가증권시장 공시규정」 제12조제2항 본문에 따른 조회공시 요구 기준 또는 「코스닥시장 공시규정」 제10조제2항 본문에 따른 조회공시 요구기준에 해당하는 경우
목,2,시장의 건전성 유지,,,제3조제④항제7호나목,투자주의종목의 지정 등,제3조,④,7,나,나. 인터넷 풍문등의 내용이 투자자의 투자판단에 중대한 영향을 미친다고 위원장이 인정하는 종목
호,2,시장의 건전성 유지,,,제3조제④항제8호,투자주의종목의 지정 등,제3조,④,8,0,"스팸관여과다종목 : 최근 5일 중 마지막 날을 포함하여 2일 이상 스팸관여종목으로 지정된 종목. 이 경우 스팸관여종목은 다음 각 목의 모두에 해당하는 종목 중에서 시황, 공시내용 등을 고려하여 위원장이 지정한다."
목,2,시장의 건전성 유지,,,제3조제④항제8호가목,투자주의종목의 지정 등,제3조,④,8,가,가. 「정보통신망 이용촉진 및 정보보호 등에 관한 법률」 제52조에 따른 한국인터넷진흥원에 신고된 주식 매매 관련 영리 목적 광고성 정보의 최근 3일(당일을 포함한다) 평균신고건수가 최근 5일 또는 최근 20일 평균 대비 3배 이상 증가한 경우
목,2,시장의 건전성 유지,,,제3조제④항제8호나목,투자주의종목의 지정 등,제3조,④,8,나,나. 이 항 제7호가목2)에 해당하는 경우
호,2,시장의 건전성 유지,,,제3조제④항제9호,투자주의종목의 지정 등,제3조,④,9,0,"제3조의3제2항의 규정에 따른 투자경고종목의 지정예고요건에 해당하는 종목. 다만, 제3조의3제4항의 규정에 따라 투자경고종목 지정예고를 하지 아니한 종목은 제외한다.<개정 2026. 5. 26.>"
호,2,시장의 건전성 유지,,,제3조제④항제10호,투자주의종목의 지정 등,제3조,④,10,0,제3조의3제5항제1호의 규정에 따른 투자경고종목의 지정해제 요건에 해당하는 종목
호,2,시장의 건전성 유지,,,제3조제④항제11호,투자주의종목의 지정 등,제3조,④,11,0,그 밖에 위원장이 투자자보호를 위하여 필요하다고 인정하는 종목
항,2,시장의 건전성 유지,,,제3조제⑤항,투자주의종목의 지정 등,제3조,⑤,0,0,"⑤ 주권 등으로서 다음 각 호의 어느 하나에 해당하는 종목에 대하여 제2항부터 제4항까지의 요건을 적용하는 경우 매매거래 재개일을 포함한 그 날부터 지정 요건을 적용한다.<신설 2009. 11. 27., 2016. 4. 18.>"
호,2,시장의 건전성 유지,,,제3조제⑤항제1호,투자주의종목의 지정 등,제3조,⑤,1,0,시가기준가종목의 적용을 위하여 매매거래가 정지된 종목
호,2,시장의 건전성 유지,,,제3조제⑤항제2호,투자주의종목의 지정 등,제3조,⑤,2,0,상장폐지기준에 해당하여 매매거래가 정지된 종목
호,2,시장의 건전성 유지,,,제3조제⑤항제3호,투자주의종목의 지정 등,제3조,⑤,3,0,삭제
항,2,시장의 건전성 유지,,,제3조제⑥항,투자주의종목의 지정 등,제3조,⑥,0,0,"⑥ 제2항부터 제4항까지의 규정에도 불구하고 위원회는 다음 각 호의 어느 하나에 해당하는 종목의 경우에는 투자주의종목으로 지정하지 아니 한다.<개정 2009. 2. 3., 2011. 2. 11., 2013. 6. 17., 2014. 6. 26., 2014. 11. 27.>"
호,2,시장의 건전성 유지,,,제3조제⑥항제1호,투자주의종목의 지정 등,제3조,⑥,1,0,투자경고종목 또는 투자위험종목으로 지정된 종목
호,2,시장의 건전성 유지,,,제3조제⑥항제2호,투자주의종목의 지정 등,제3조,⑥,2,0,정리매매종목
호,2,시장의 건전성 유지,,,제3조제⑥항제3호,투자주의종목의 지정 등,제3조,⑥,3,0,코넥스시장 상장종목으로서 신규상장일로부터 20일 이내인 종목
호,2,시장의 건전성 유지,,,제3조제⑥항제4호,투자주의종목의 지정 등,제3조,⑥,4,0,종목의 특성 또는 시장 상황 등을 고려하여 투자주의종목의 지정이 현저하게 부적절하다고 위원장이 인정하는 종목<신설 2026. 4. 24.>
항,2,시장의 건전성 유지,,,제3조제⑦항,투자주의종목의 지정 등,제3조,⑦,0,0,"⑦ 제2항부터 제4항까지의 규정에도 불구하고 다음 각 호의 어느 하나에 해당하는 경우에는 투자주의종목의 지정 및 공표를 하지 아니할 수 있다.<신설 2008. 11. 13., 2009. 2. 3., 2022. 11. 23.>"
호,2,시장의 건전성 유지,,,제3조제⑦항제1호,투자주의종목의 지정 등,제3조,⑦,1,0,천재·지변·전시 또는 사변
호,2,시장의 건전성 유지,,,제3조제⑦항제2호,투자주의종목의 지정 등,제3조,⑦,2,0,경제사정 또는 시장상황의 급격한 변동
호,2,시장의 건전성 유지,,,제3조제⑦항제3호,투자주의종목의 지정 등,제3조,⑦,3,0,제1호 또는 제2호에 준하는 경우로서 위원장이 투자주의종목의 지정이 현저하게 부적절하다고 인정하는 경우 [전문개정 2007. 8. 27.]
조,2,시장의 건전성 유지,,,제3조의2,투자경고종목 및 투자위험종목의 지정대상 증권<개정 2009. 2. 3.>,제3조의2,0,0,0,"규정 제5조의3제1항에서 “세칙으로 정하는 증권”이란 증권예탁증권을 말한다.<개정 2009. 2. 3., 2012. 3. 8., 2014. 10. 31., 2018. 2. 2.> [본조신설 2007. 8. 27.]"
항,2,시장의 건전성 유지,,,제3조의3제①항,투자경고종목의 지정 등,제3조의3,①,0,0,"① 규정 제5조의3제5항에 따라 위원회는 제2항에 따라 투자경고 종목으로 지정예고된 날부터 기산하여 10일 이내에 다음 각 호의 어느 하나에 해당하는 종목의 경우에는 그 다음 매매거래일부터 투자경고종목으로 지정하여 공표할 수 있다.<개정 2008. 7. 24., 2009. 11. 27., 2010. 5. 31., 2011. 2. 11., 2012. 3. 8., 2012. 9. 12., 2012. 10. 5., 2013. 6. 17., 2016. 3. 29., 2016. 4. 18., 2016. 5. 31., 2017. 2. 10., 2017. 9. 14., 2023. 12. 12., 2024. 5. 21.>"
호,2,시장의 건전성 유지,,,제3조의3제①항제1호,투자경고종목의 지정 등,제3조의3,①,1,0,제2항제1호에 따라 투자경고종목으로 지정예고된 경우에는 다음 각 목의 모두에 해당하는 종목
목,2,시장의 건전성 유지,,,제3조의3제①항제1호가목,투자경고종목의 지정 등,제3조의3,①,1,가,가. 최근 5일간 주가상승률이 60% 이상
목,2,시장의 건전성 유지,,,제3조의3제①항제1호나목,투자경고종목의 지정 등,제3조의3,①,1,나,나. 당일의 주가가 최근 15일(신규상장일이나 제3항 각 호에 해당하는 종목의 매매거래 재개일을 포함한 날부터 매매거래 일수가 15일 미만인 경우에는 신규상장일이나 매매거래 재개일을 포함한 날부터 당일까지의 기간을 말한다. 이하 이 조 및 제3조의4에서 같다) 중 최고가
목,2,시장의 건전성 유지,,,제3조의3제①항제1호다목,투자경고종목의 지정 등,제3조의3,①,1,다,"다. 최근 5일간 주가상승률이 그 기간의 코스피지수(유가증권시장 상장종목에 적용하되, 해당 종목을 포함하는 산업별지수가 산출되고 그 구성종목이 10개를 초과하는 경우에는 그 산업별지수를 적용한다. 이하 이 항 및 제3조의4에서 같다) 또는 코스닥지수(코스닥시장 또는 코넥스시장 상장종목에 적용한다. 이하 이 항 및 제3조의4에서 같다) 상승률의 5배 이상<개정 2025. 12. 26.>"
호,2,시장의 건전성 유지,,,제3조의3제①항제2호,투자경고종목의 지정 등,제3조의3,①,2,0,제2항제2호에 따라 투자경고종목으로 지정예고된 경우에는 제1호 각 목의 모두에 해당하거나 다음 각 목의 모두에 해당하는 종목
목,2,시장의 건전성 유지,,,제3조의3제①항제2호가목,투자경고종목의 지정 등,제3조의3,①,2,가,가. 최근 15일간 주가상승률이 100% 이상
목,2,시장의 건전성 유지,,,제3조의3제①항제2호나목,투자경고종목의 지정 등,제3조의3,①,2,나,나. 당일의 주가가 최근 15일 중 최고가
목,2,시장의 건전성 유지,,,제3조의3제①항제2호다목,투자경고종목의 지정 등,제3조의3,①,2,다,다. 최근 15일간 주가상승률이 그 기간의 코스피지수 또는 코스닥지수 상승률의 3배 이상
호,2,시장의 건전성 유지,,,제3조의3제①항제3호,투자경고종목의 지정 등,제3조의3,①,3,0,제2항제3호에 따라 투자경고종목으로 지정예고된 경우에는 다음 각 목의 모두에 해당하는 종목
목,2,시장의 건전성 유지,,,제3조의3제①항제3호가목,투자경고종목의 지정 등,제3조의3,①,3,가,"가. 최근 15일간 5회 이상 투자주의종목으로 지정(제3조제4항제9호 및 제10호에 해당하여 지정된 경우와 같은 기간 중 투자경고종목으로 지정된 경우 그 지정 이전에 투자주의종목으로 지정된 경우를 제외하며, 같은 날에 중복하여 투자주의종목으로 지정되는 경우에는 1회의 지정으로 본다. 이하 이 조에서 같다)되고 그 기간동안 주가 상승률이 75% 이상"
목,2,시장의 건전성 유지,,,제3조의3제①항제3호나목,투자경고종목의 지정 등,제3조의3,①,3,나,나. 당일의 주가가 최근 15일 중 최고가
목,2,시장의 건전성 유지,,,제3조의3제①항제3호다목,투자경고종목의 지정 등,제3조의3,①,3,다,다. 최근 15일간 주가 상승률이 그 기간의 코스피지수 또는 코스닥지수 상승률의 3배 이상
호,2,시장의 건전성 유지,,,제3조의3제①항제4호,투자경고종목의 지정 등,제3조의3,①,4,0,제2항제4호에 따라 투자경고종목으로 지정예고된 경우에는 다음 각 목의 모두에 해당하는 종목
목,2,시장의 건전성 유지,,,제3조의3제①항제4호가목,투자경고종목의 지정 등,제3조의3,①,4,가,가. 최근 5일 주가상승률이 45% 이상
목,2,시장의 건전성 유지,,,제3조의3제①항제4호나목,투자경고종목의 지정 등,제3조의3,①,4,나,나. 당일의 주가가 최근 15일 중 최고가
목,2,시장의 건전성 유지,,,제3조의3제①항제4호다목,투자경고종목의 지정 등,제3조의3,①,4,다,다. 제2항제4호의 각 목 중 어느 하나에 해당되는 경우
호,2,시장의 건전성 유지,,,제3조의3제①항제5호,투자경고종목의 지정 등,제3조의3,①,5,0,제2항제5호에 따라 투자경고종목으로 지정예고된 경우에는 다음 각 목의 모두에 해당하는 종목
목,2,시장의 건전성 유지,,,제3조의3제①항제5호가목,투자경고종목의 지정 등,제3조의3,①,5,가,가. 최근 15일간 주가상승률이 75% 이상
목,2,시장의 건전성 유지,,,제3조의3제①항제5호나목,투자경고종목의 지정 등,제3조의3,①,5,나,나. 당일의 주가가 최근 15일 중 최고가
목,2,시장의 건전성 유지,,,제3조의3제①항제5호다목,투자경고종목의 지정 등,제3조의3,①,5,다,다. 제2항제5호의 각 목 중 어느 하나에 해당되는 경우
호,2,시장의 건전성 유지,,,제3조의3제①항제6호,투자경고종목의 지정 등,제3조의3,①,6,0,제3조의4제5항제1호에 따라 투자위험종목의 지정해제 요건에 해당하는 종목
호,2,시장의 건전성 유지,,,제3조의3제①항제7호,투자경고종목의 지정 등,제3조의3,①,7,0,제2항제6호에 따라 투자경고종목으로 지정예고된 경우에는 다음 각 목의 모두에 해당하는 종목
목,2,시장의 건전성 유지,,,제3조의3제①항제7호가목,투자경고종목의 지정 등,제3조의3,①,7,가,가. 지정예고일 이후 특정일의 주가가 직전 투자경고종목 지정일 전일 및 그 해제일 전일 주가보다 높은 경우
목,2,시장의 건전성 유지,,,제3조의3제①항제7호나목,투자경고종목의 지정 등,제3조의3,①,7,나,나. 지정예고일 이후 특정일의 2일간 주가상승률이 40% 이상(코넥스시장 상장종목의 경우 20% 이상)인 경우
호,2,시장의 건전성 유지,,,제3조의3제①항제8호,투자경고종목의 지정 등,제3조의3,①,8,0,제2항제7호에 따라 투자경고종목으로 지정예고된 경우에는 다음 각 목의 모두에 해당하는 종목
목,2,시장의 건전성 유지,,,제3조의3제①항제8호가목,투자경고종목의 지정 등,제3조의3,①,8,가,가. 최근 3일간 주가상승률이 100% 이상
목,2,시장의 건전성 유지,,,제3조의3제①항제8호나목,투자경고종목의 지정 등,제3조의3,①,8,나,나. 당일의 주가가 최근 15일 중 최고가
목,2,시장의 건전성 유지,,,제3조의3제①항제8호다목,투자경고종목의 지정 등,제3조의3,①,8,다,다. 최근 3일간 주가상승률이 그 기간의 코스피지수 또는 코스닥지수 상승률의 5배 이상
호,2,시장의 건전성 유지,,,제3조의3제①항제9호,투자경고종목의 지정 등,제3조의3,①,9,0,제2항제8호에 따라 투자경고종목으로 지정예고된 경우에는 다음 각 목의 모두에 해당하는 종목
목,2,시장의 건전성 유지,,,제3조의3제①항제9호가목,투자경고종목의 지정 등,제3조의3,①,9,가,가. 당일의 주가가 최근 15일 중 최고가
목,2,시장의 건전성 유지,,,제3조의3제①항제9호나목,투자경고종목의 지정 등,제3조의3,①,9,나,나. 제2항제8호 본문에 해당되는 경우
항,2,시장의 건전성 유지,,,제3조의3제②항,투자경고종목의 지정 등,제3조의3,②,0,0,"② 위원회는 당일의 주가가 최근 15일 중 최고가이면서 다음 각 호의 어느 하나에 해당하는 종목의 경우에는 투자경고종목으로 지정될 수 있다는 사실을 그 다음 매매거래일에 예고할 수 있다. 다만, 제6호의 경우에는 당일의 주가가 최근 15일 중 최고가가 아닌 경우에도 적용할 수 있다.<개정 2008. 7. 24., 2009. 11. 27., 2012. 3. 8., 2012. 10. 5., 2016. 4. 18., 2017. 9. 14., 2022. 11. 23., 2023. 12. 12.>"
호,2,시장의 건전성 유지,,,제3조의3제②항제1호,투자경고종목의 지정 등,제3조의3,②,1,0,최근 5일간 주가상승률이 60% 이상인 종목
호,2,시장의 건전성 유지,,,제3조의3제②항제2호,투자경고종목의 지정 등,제3조의3,②,2,0,최근 15일간 주가상승률이 100% 이상인 종목
호,2,시장의 건전성 유지,,,제3조의3제②항제3호,투자경고종목의 지정 등,제3조의3,②,3,0,최근 15일간 5회 이상 투자주의종목으로 지정되고 그 기간동안 주가 상승률이 75% 이상인 종목
호,2,시장의 건전성 유지,,,제3조의3제②항제4호,투자경고종목의 지정 등,제3조의3,②,4,0,최근 5일간 주가상승률이 45% 이상이면서 다음 각 목의 어느 하나에 해당하는 종목
목,2,시장의 건전성 유지,,,제3조의3제②항제4호가목,투자경고종목의 지정 등,제3조의3,②,4,가,가. 최근 5일중 직전 매매거래일보다 주가가 상승하고 특정계좌(군)이 일중 전체 최고가 매수 거래량의 10% 이상을 매수한 일수가 2일 이상
목,2,시장의 건전성 유지,,,제3조의3제②항제4호나목,투자경고종목의 지정 등,제3조의3,②,4,나,나. 최근 5일중 특정계좌(군)의 시세영향력을 고려한 매수 관여율이 위원장이 정하는 기준에 해당하는 일수가 2일 이상
목,2,시장의 건전성 유지,,,제3조의3제②항제4호다목,투자경고종목의 지정 등,제3조의3,②,4,다,다. 삭제<2022. 11. 23.>
목,2,시장의 건전성 유지,,,제3조의3제②항제4호라목,투자경고종목의 지정 등,제3조의3,②,4,라,라. 최근 5일중 특정계좌(군)의 시가 또는 종가의 매수 관여율이 20%이상인 일수가 2일 이상
호,2,시장의 건전성 유지,,,제3조의3제②항제5호,투자경고종목의 지정 등,제3조의3,②,5,0,최근 15일간 주가상승률이 75% 이상이면서 다음 각 목의 어느 하나에 해당하는 종목
목,2,시장의 건전성 유지,,,제3조의3제②항제5호가목,투자경고종목의 지정 등,제3조의3,②,5,가,가. 최근 15일 중 직전 매매거래일보다 주가가 상승하고 특정계좌(군)이 일중 전체 최고가 거래량의 10% 이상을 매수한 일수가 4일 이상
목,2,시장의 건전성 유지,,,제3조의3제②항제5호나목,투자경고종목의 지정 등,제3조의3,②,5,나,나. 최근 15일중 특정계좌(군)의 시세영향력을 고려한 매수 관여율이 위원장이 정하는 기준에 해당하는 일수가 4일 이상
목,2,시장의 건전성 유지,,,제3조의3제②항제5호다목,투자경고종목의 지정 등,제3조의3,②,5,다,다. 삭제<2022. 11. 23.>
목,2,시장의 건전성 유지,,,제3조의3제②항제5호라목,투자경고종목의 지정 등,제3조의3,②,5,라,라. 최근 15일중 특정계좌(군)의 시가 또는 종가의 매수 관여율이 20%이상인 일수가 4일 이상
호,2,시장의 건전성 유지,,,제3조의3제②항제6호,투자경고종목의 지정 등,제3조의3,②,6,0,제5항제1호에 따라 투자경고종목의 지정해제 요건에 해당하는 종목
호,2,시장의 건전성 유지,,,제3조의3제②항제7호,투자경고종목의 지정 등,제3조의3,②,7,0,최근 3일간 주가상승률이 100% 이상인 종목(코넥스시장 상장종목에는 적용하지 아니한다)
호,2,시장의 건전성 유지,,,제3조의3제②항제8호,투자경고종목의 지정 등,제3조의3,②,8,0,"최근 1년간 코스피지수(유가증권시장 상장종목에 적용한다) 또는 코스닥지수(코스닥시장 상장종목에 적용한다)의 상승률(해당 지수가 하락한 경우에는 해당 지수의 상승률은 0%로 한다)을 초과한 주가상승률이 200% 이상이면서 최근 15일 중 시세영향력을 고려한 매수 관여율 상위 10개 계좌의 매수 관여율이 위원장이 정하는 기준에 해당하는 일수가 4일 이상인 종목. 다만, 다음 각 목의 어느 하나에 해당하는 종목은 제외한다.<개정 2025. 12. 26.>"
목,2,시장의 건전성 유지,,,제3조의3제②항제8호가목,투자경고종목의 지정 등,제3조의3,②,8,가,가. 코넥스시장 상장종목
목,2,시장의 건전성 유지,,,제3조의3제②항제8호나목,투자경고종목의 지정 등,제3조의3,②,8,나,나. 신규상장일 또는 시가기준가종목으로 적용된 날로부터 1년(초일을 산입한다)이 경과하지 않은 종목
목,2,시장의 건전성 유지,,,제3조의3제②항제8호다목,투자경고종목의 지정 등,제3조의3,②,8,다,다. 최근 60영업일 이내에 제1항제9호에 따라 투자경고종목으로 지정된 종목<개정 2025. 12. 26.>
목,2,시장의 건전성 유지,,,제3조의3제②항제8호라목,투자경고종목의 지정 등,제3조의3,②,8,라,라. 삭제<2026. 5. 26.>
항,2,시장의 건전성 유지,,,제3조의3제③항,투자경고종목의 지정 등,제3조의3,③,0,0,"③ 다음 각 호의 어느 하나에 해당하는 종목의 경우에는 그 매매거래의 재개일을 포함하여 그 날부터 투자경고종목의 지정이나 지정예고의 요건을 적용한다.<개정 2009. 11. 27., 2016. 4. 18.>"
호,2,시장의 건전성 유지,,,제3조의3제③항제1호,투자경고종목의 지정 등,제3조의3,③,1,0,시가기준가종목의 적용을 위하여 매매거래가 정지된 종목
호,2,시장의 건전성 유지,,,제3조의3제③항제2호,투자경고종목의 지정 등,제3조의3,③,2,0,상장폐지기준에 해당하여 매매거래가 정지된 종목
호,2,시장의 건전성 유지,,,제3조의3제③항제3호,투자경고종목의 지정 등,제3조의3,③,3,0,삭제<2016. 4. 18.>
항,2,시장의 건전성 유지,,,제3조의3제④항,투자경고종목의 지정 등,제3조의3,④,0,0,"④ 제1항 및 제2항의 규정에 불구하고 위원회는 다음 각 호의 어느 하나에 해당하는 경우에는 투자경고종목의 지정 및 지정예고를 하지 아니할 수 있다.<개정 2013. 6. 17., 2014. 11. 27.>"
호,2,시장의 건전성 유지,,,제3조의3제④항제1호,투자경고종목의 지정 등,제3조의3,④,1,0,정리매매종목
호,2,시장의 건전성 유지,,,제3조의3제④항제2호,투자경고종목의 지정 등,제3조의3,④,2,0,코넥스시장 상장종목으로서 신규상장일로부터 20일 이내인 종목
호,2,시장의 건전성 유지,,,제3조의3제④항제3호,투자경고종목의 지정 등,제3조의3,④,3,0,유가증권시장과 코스닥시장 전체 상장종목 중 전일의 시가총액의 순위가 상위 100위 이내인 종목<신설 2026. 5. 26.>
호,2,시장의 건전성 유지,,,제3조의3제④항제4호,투자경고종목의 지정 등,제3조의3,④,4,0,"그 밖에 시장상황의 급변, 투자자 보호의 필요성 등을 고려하여 위원장이 투자경고종목의 지정 및 지정예고가 현저하게 부적절하다고 인정하는 종목<신설 2026. 5. 26.>"
항,2,시장의 건전성 유지,,,제3조의3제⑤항,투자경고종목의 지정 등,제3조의3,⑤,0,0,"⑤ 위원회는 투자경고종목이 다음 각 호의 어느 하나에 해당하는 경우에는 그 다음 매매거래일부터 그 지정을 해제한다.<개정 2010. 5. 31., 2012. 10. 5., 2016. 3. 29., 2016. 4. 18., 2023. 12. 12.>"
호,2,시장의 건전성 유지,,,제3조의3제⑤항제1호,투자경고종목의 지정 등,제3조의3,⑤,1,0,투자경고종목의 지정일부터 기산하여 10일 이후의 날로서 다음 각 목의 어느 하나에 해당될 경우
목,2,시장의 건전성 유지,,,제3조의3제⑤항제1호가목,투자경고종목의 지정 등,제3조의3,⑤,1,가,가. 제1항제1호부터 제3호까지 및 제8호에 따라 지정된 투자경고종목이 제1항제1호가목· 나목 및 제2호가목·나목의 모두에 해당하지 아니하는 경우
목,2,시장의 건전성 유지,,,제3조의3제⑤항제1호나목,투자경고종목의 지정 등,제3조의3,⑤,1,나,나. 제1항제4호·제5호 및 제9호에 따라 지정된 투자경고종목이 제1항제4호가목· 나목 및 및 제5호가목· 나목의 모두에 해당하지 아니하는 경우
목,2,시장의 건전성 유지,,,제3조의3제⑤항제1호다목,투자경고종목의 지정 등,제3조의3,⑤,1,다,다. 제1항제6호에 따라 지정된 투자경고종목이 투자위험종목에서 지정해제된 요건에 해당하는 경우
목,2,시장의 건전성 유지,,,제3조의3제⑤항제1호라목,투자경고종목의 지정 등,제3조의3,⑤,1,라,라. 제1항제7호에 따라 지정된 투자경고종목이 직전 투자경고종목에서 지정해제된 요건에 해당하는 경우
호,2,시장의 건전성 유지,,,제3조의3제⑤항제2호,투자경고종목의 지정 등,제3조의3,⑤,2,0,상장폐지기준에 해당되거나 시가기준가종목을 적용하기 위하여 매매거래가 정지된 경우 [본조신설 2007. 8. 27.]
항,2,시장의 건전성 유지,,,제3조의4제①항,투자위험종목의 지정 등,제3조의4,①,0,0,"① 위원회는 투자경고종목이 제2항에 따라 투자위험종목으로 지정예고된 날부터 기산하여 10일 이내에 다음 각 호의 어느 하나에 해당하는 경우에는 그 다음 매매거래일부터 투자위험종목으로 지정하여 공표할 수 있다.<개정 2008. 7. 24., 2009. 11. 27., 2011. 2. 11., 2012. 3. 8., 2012. 10. 5., 2013. 6. 17., 2014. 11. 27., 2016. 3. 29.>"
호,2,시장의 건전성 유지,,,제3조의4제①항제1호,투자위험종목의 지정 등,제3조의4,①,1,0,제2항제1호에 따라 투자위험종목으로 지정예고된 경우에는 다음 각 목의 모두에 해당하는 종목
목,2,시장의 건전성 유지,,,제3조의4제①항제1호가목,투자위험종목의 지정 등,제3조의4,①,1,가,가. 최근 5일간 주가상승률이 60% 이상
목,2,시장의 건전성 유지,,,제3조의4제①항제1호나목,투자위험종목의 지정 등,제3조의4,①,1,나,나. 당일의 주가가 최근 15일 중 최고가
목,2,시장의 건전성 유지,,,제3조의4제①항제1호다목,투자위험종목의 지정 등,제3조의4,①,1,다,다. 최근 5일간 주가상승률이 그 기간의 코스피지수 또는 코스닥지수 상승률의 5배 이상
호,2,시장의 건전성 유지,,,제3조의4제①항제2호,투자위험종목의 지정 등,제3조의4,①,2,0,제2항제2호에 따라 투자위험종목으로 지정예고된 경우에는 제1호 각 목의 모두에 해당하거나 다음 각 목의 모두에 해당하는 종목
목,2,시장의 건전성 유지,,,제3조의4제①항제2호가목,투자위험종목의 지정 등,제3조의4,①,2,가,가. 최근 15일간 주가상승률이 100% 이상
목,2,시장의 건전성 유지,,,제3조의4제①항제2호나목,투자위험종목의 지정 등,제3조의4,①,2,나,나. 당일의 주가가 최근 15일 중 최고가
목,2,시장의 건전성 유지,,,제3조의4제①항제2호다목,투자위험종목의 지정 등,제3조의4,①,2,다,다. 최근 15일간 주가상승률이 그 기간의 코스피지수 또는 코스닥지수 상승률의 3배 이상
호,2,시장의 건전성 유지,,,제3조의4제①항제3호,투자위험종목의 지정 등,제3조의4,①,3,0,제2항제3호에 따라 투자위험종목으로 지정예고된 경우에는 다음 각 목의 모두에 해당하는 종목
목,2,시장의 건전성 유지,,,제3조의4제①항제3호가목,투자위험종목의 지정 등,제3조의4,①,3,가,가. 최근 5일간 주가상승률이 45% 이상
목,2,시장의 건전성 유지,,,제3조의4제①항제3호나목,투자위험종목의 지정 등,제3조의4,①,3,나,나. 당일의 주가가 최근 15일 중 최고가
목,2,시장의 건전성 유지,,,제3조의4제①항제3호다목,투자위험종목의 지정 등,제3조의4,①,3,다,다. 제2항제3호의 각 목 중 어느 하나에 해당되는 경우
호,2,시장의 건전성 유지,,,제3조의4제①항제4호,투자위험종목의 지정 등,제3조의4,①,4,0,제2항제4호에 따라 투자위험종목으로 지정예고된 경우에는 다음 각 목의 모두에 해당하는 종목
목,2,시장의 건전성 유지,,,제3조의4제①항제4호가목,투자위험종목의 지정 등,제3조의4,①,4,가,가. 최근 15일간 주가상승률이 75% 이상
목,2,시장의 건전성 유지,,,제3조의4제①항제4호나목,투자위험종목의 지정 등,제3조의4,①,4,나,나. 당일의 주가가 최근 15일 중 최고가
목,2,시장의 건전성 유지,,,제3조의4제①항제4호다목,투자위험종목의 지정 등,제3조의4,①,4,다,다. 제2항제4호의 각 목 중 어느 하나에 해당되는 경우
호,2,시장의 건전성 유지,,,제3조의4제①항제5호,투자위험종목의 지정 등,제3조의4,①,5,0,제2항제5호에 따라 투자위험종목으로 지정예고된 경우에는 다음 각 목의 모두에 해당하는 종목
목,2,시장의 건전성 유지,,,제3조의4제①항제5호가목,투자위험종목의 지정 등,제3조의4,①,5,가,가. 최근 3일간 주가상승률이 45% 이상
목,2,시장의 건전성 유지,,,제3조의4제①항제5호나목,투자위험종목의 지정 등,제3조의4,①,5,나,나. 당일의 주가가 최근 15일 중 최고가
목,2,시장의 건전성 유지,,,제3조의4제①항제5호다목,투자위험종목의 지정 등,제3조의4,①,5,다,다. 최근 3일간 주가상승률이 그 기간의 코스피지수 또는 코스닥지수 상승률의 5배 이상
항,2,시장의 건전성 유지,,,제3조의4제②항,투자위험종목의 지정 등,제3조의4,②,0,0,"② 위원회는 투자경고종목이 당일의 주가가 최근 15일 중 최고가이면서 다음 각 호의 어느 하나에 해당하는 경우에는 투자위험종목으로 지정될 수 있다는 사실을 그 다음 매매거래일에 예고할 수 있다.<개정 2009. 11. 27., 2012. 3. 8., 2012. 10. 5., 2016. 3. 29., 2022. 11. 23.>"
호,2,시장의 건전성 유지,,,제3조의4제②항제1호,투자위험종목의 지정 등,제3조의4,②,1,0,최근 5일간 주가상승률이 60% 이상인 종목
호,2,시장의 건전성 유지,,,제3조의4제②항제2호,투자위험종목의 지정 등,제3조의4,②,2,0,최근 15일간 주가상승률이 100% 이상인 종목
호,2,시장의 건전성 유지,,,제3조의4제②항제3호,투자위험종목의 지정 등,제3조의4,②,3,0,최근 5일간 주가상승률이 45% 이상이면서 다음 각 목의 어느 하나에 해당하는 종목
목,2,시장의 건전성 유지,,,제3조의4제②항제3호가목,투자위험종목의 지정 등,제3조의4,②,3,가,가. 최근 5일중 직전 매매거래일보다 주가가 상승하고 특정계좌(군)이 일중 전체 최고가 매수 거래량의 10% 이상을 매수한 일수가 2일 이상
목,2,시장의 건전성 유지,,,제3조의4제②항제3호나목,투자위험종목의 지정 등,제3조의4,②,3,나,나. 최근 5일중 특정계좌(군)의 시세영향력을 고려한 매수 관여율이 위원장이 정하는 기준에 해당하는 일수가 2일 이상
목,2,시장의 건전성 유지,,,제3조의4제②항제3호다목,투자위험종목의 지정 등,제3조의4,②,3,다,다. 삭제<2022. 11. 23.>
목,2,시장의 건전성 유지,,,제3조의4제②항제3호라목,투자위험종목의 지정 등,제3조의4,②,3,라,라. 최근 5일중 특정계좌(군)의 시가 또는 종가의 매수 관여율이 20%이상인 일수가 2일 이상
호,2,시장의 건전성 유지,,,제3조의4제②항제4호,투자위험종목의 지정 등,제3조의4,②,4,0,최근 15일간 주가상승률이 75% 이상이면서 다음 각 목의 어느 하나에 해당하는 종목
목,2,시장의 건전성 유지,,,제3조의4제②항제4호가목,투자위험종목의 지정 등,제3조의4,②,4,가,가. 최근 15일 중 직전 매매거래일보다 주가가 상승하고 특정계좌(군)이 일중 전체 최고가 거래량의 10% 이상을 매수한 일수가 4일 이상
목,2,시장의 건전성 유지,,,제3조의4제②항제4호나목,투자위험종목의 지정 등,제3조의4,②,4,나,나. 최근 15일중 특정계좌(군)의 시세영향력을 고려한 매수 관여율이 위원장이 정하는 기준에 해당하는 일수가 4일 이상
목,2,시장의 건전성 유지,,,제3조의4제②항제4호다목,투자위험종목의 지정 등,제3조의4,②,4,다,다. 삭제<2022. 11. 23.>
목,2,시장의 건전성 유지,,,제3조의4제②항제4호라목,투자위험종목의 지정 등,제3조의4,②,4,라,라. 최근 15일중 특정계좌(군)의 시가 또는 종가의 매수 관여율이 20%이상인 일수가 4일 이상
호,2,시장의 건전성 유지,,,제3조의4제②항제5호,투자위험종목의 지정 등,제3조의4,②,5,0,최근 3일간 주가상승률이 45% 이상인 종목
항,2,시장의 건전성 유지,,,제3조의4제③항,투자위험종목의 지정 등,제3조의4,③,0,0,"③ 제1항 또는 제2항에서 정하는 요건을 투자위험종목의 지정 또는 그 지정예고에 각각 적용할 때 “최근 5일간”은 “투자경고종목의 지정일부터 기산하여 5일 이후의 날로서 최근 5일간”으로, “최근 15일간”은 “투자경고종목의 지정일부터 기산하여 15일 이후의 날로서 최근 15일간”으로, “최근 3일간”은 “투자경고종목 지정일부터 기산하여 3일 이후의 날로서 최근 3일간”으로 본다. 다만, 투자경고종목의 지정 해제일을 포함하여 그 날부터 10일 이내에 다시 투자경고종목으로 지정되는 경우의 투자경고종목의 지정일은 해제 직전의 지정일을 의미하는 것으로 본다.<개정 2009. 11. 27., 2012. 3. 8., 2016. 3. 29.>"
항,2,시장의 건전성 유지,,,제3조의4제④항,투자위험종목의 지정 등,제3조의4,④,0,0,④ 삭제<2014. 11. 27.>
항,2,시장의 건전성 유지,,,제3조의4제⑤항,투자위험종목의 지정 등,제3조의4,⑤,0,0,"⑤ 위원회는 투자위험종목이 다음 각 호의 어느 하나에 해당하는 경우에는 그 다음 매매거래일부터 그 지정을 해제한다.<개정 2012. 3. 8., 2012. 10. 5., 2013. 6. 17., 2016. 3. 29.>"
호,2,시장의 건전성 유지,,,제3조의4제⑤항제1호,투자위험종목의 지정 등,제3조의4,⑤,1,0,투자위험종목의 지정일부터 기산하여 10일 이후의 날로서 다음 각 목의 어느 하나에 해당하는 경우
목,2,시장의 건전성 유지,,,제3조의4제⑤항제1호가목,투자위험종목의 지정 등,제3조의4,⑤,1,가,"가. 제1항제1호, 제2호 및 제5호에 따라 지정된 투자위험종목이 제1항제1호가목·나목 및 제2호가목·나목의 모두에 해당하지 아니하는 경우"
목,2,시장의 건전성 유지,,,제3조의4제⑤항제1호나목,투자위험종목의 지정 등,제3조의4,⑤,1,나,나. 제1항제3호 및 제4호에 따라 지정된 투자위험종목이 제1항제3호가목·나목 및 제4호가목·나목의 모두에 해당하지 아니하는 경우
호,2,시장의 건전성 유지,,,제3조의4제⑤항제2호,투자위험종목의 지정 등,제3조의4,⑤,2,0,상장폐지기준에 해당하거나 시가기준가종목을 적용하기 위하여 매매거래가 정지된 경우 [본조신설 2007. 8. 27.]
항,2,시장의 건전성 유지,,,제3조의5제①항,투자경고종목의 매매거래정지의 요청 등,제3조의5,①,0,0,"① 위원회는 제3조의3제1항에 따른 투자경고종목으로서 지정일 이후 특정일의 주가가 지정일 전일 및 직전 매매거래일의 주가보다 높으며, 특정일의 2일간 주가상승률이 40% 이상(코넥스시장 상장종목의 경우 20% 이상)인 종목에 대하여 그 다음 매매거래일 1일간 매매거래를 정지하도록 해당 시장에 요청할 수 있다.<개정 2015. 6. 10.>"
항,2,시장의 건전성 유지,,,제3조의5제②항,투자경고종목의 매매거래정지의 요청 등,제3조의5,②,0,0,② 위원회는 제3조의3제1항에 따른 투자경고종목으로서 다음 각 호 모두에 해당하는 종목에 대하여 그 다음 매매거래일에 익일 매매거래가 정지될 수 있다는 사실을 예고할 수 있다.<개정 2015. 6. 10.>
호,2,시장의 건전성 유지,,,제3조의5제②항제1호,투자경고종목의 매매거래정지의 요청 등,제3조의5,②,1,0,특정일의 주가가 투자경고종목 지정일 전일 및 직전 매매거래일의 주가보다 높은 경우
호,2,시장의 건전성 유지,,,제3조의5제②항제2호,투자경고종목의 매매거래정지의 요청 등,제3조의5,②,2,0,특정일 다음 매매거래일의 2일간 주가상승률이 40% 이상(코넥스시장 상장종목의 경우 20% 이상) 될 수 있는 경우
항,2,시장의 건전성 유지,,,제3조의5제③항,투자경고종목의 매매거래정지의 요청 등,제3조의5,③,0,0,"③ 위원회는 제1항에 따라 1일간 매매거래가 정지된 종목에 대하여 제3조의3제5항 또는 제3조의4제1항에 따라 투자경고종목의 지정이 해제되기 전까지는 제1항 및 제2항의 적용을 배제한다.<개정 2013. 8. 26., 2015. 12. 11.>"
항,2,시장의 건전성 유지,,,제3조의5제④항,투자경고종목의 매매거래정지의 요청 등,제3조의5,④,0,0,④ 위원회는 제3조의3제1항제6호에 따라 투자경고종목으로 지정된 종목에 대하여 제1항 및 제2항의 적용을 배제한다.<개정 2012. 10. 5.> [본조신설 2012. 3. 8.]
항,2,시장의 건전성 유지,,,제3조의6제①항,투자위험종목의 매매거래정지의 요청 등,제3조의6,①,0,0,① 위원회는 다음 각 호의 어느 하나에 해당하는 날에 해당 종목에 대하여 1일간 매매거래를 정지하도록 해당시장에 요청할 수 있다.
호,2,시장의 건전성 유지,,,제3조의6제①항제1호,투자위험종목의 매매거래정지의 요청 등,제3조의6,①,1,0,제3조의4제1항에 따라 투자위험종목으로 지정되는 경우 그 지정일
호,2,시장의 건전성 유지,,,제3조의6제①항제2호,투자위험종목의 매매거래정지의 요청 등,제3조의6,①,2,0,투자위험종목으로 지정된 이후 특정일의 주가가 그 지정일 전일 및 직전 매매거래일의 주가보다 3일 연속 높은 경우 그 다음 매매거래일
항,2,시장의 건전성 유지,,,제3조의6제②항,투자위험종목의 매매거래정지의 요청 등,제3조의6,②,0,0,② 위원회는 다음 각 호의 어느 하나에 해당하는 날에 해당 종목에 대하여 1일간 매매거래가 정지될 수 있다는 사실을 예고할 수 있다.
호,2,시장의 건전성 유지,,,제3조의6제②항제1호,투자위험종목의 매매거래정지의 요청 등,제3조의6,②,1,0,제3조의4제1항에 따라 투자위험종목으로 지정되는 경우 그 지정 예고일
호,2,시장의 건전성 유지,,,제3조의6제②항제2호,투자위험종목의 매매거래정지의 요청 등,제3조의6,②,2,0,투자위험종목으로 지정된 이후 특정일의 주가가 그 지정일 전일 및 직전 매매거래일의 주가보다 2일 연속 높은 경우 그 다음 매매거래일
항,2,시장의 건전성 유지,,,제3조의6제③항,투자위험종목의 매매거래정지의 요청 등,제3조의6,③,0,0,"③ 제1항제2호에 따라 해당 시장에서 매매거래가 정지된 후에 매매거래가 재개되는 종목에 대하여 제1항제2호·제2항제2호의 규정을 다시 적용하는 경우 및 제3조의4제5항제1호에 따라 기산일을 산정하는 경우에는 그 매매거래의 재개일을 투자위험종목의 지정일로 본다.<개정 2013. 8. 26., 2015. 12. 11., 2022. 11. 23.> [전문개정 2012. 3. 8.]"
항,2,시장의 건전성 유지,,,제3조의7제①항,기간의 계산 등,제3조의7,①,0,0,"① 제3조 부터 제3조의6까지(제3조의3제2항제8호다목은 제외한다)에의 규정에 따른 기간의 계산은 해당 종목의 매매거래일을 기준으로 한다. 다만, 상장종목이 다른 시장에 신규 상장되는 경우에는 해당 종목의 신규상장일 이후 매매거래일을 기준으로 한다."
항,2,시장의 건전성 유지,,,제3조의7제②항,기간의 계산 등,제3조의7,②,0,0,② 제1항에도 불구하고 기간을 월 또는 연으로 정한 때에는 역에 따라 계산한다.
항,2,시장의 건전성 유지,,,제3조의7제③항,기간의 계산 등,제3조의7,③,0,0,③ 상장종목이 다른 시장에 신규상장되는 경우 신규상장 이전의 시장 상장기간 중에 해당 종목에 발생한 제3조부터 제3조의6까지에 따른 예고 및 지정은 효력을 상실한다.
항,2,시장의 건전성 유지,,,제3조의7제④항,기간의 계산 등,제3조의7,④,0,0,"④ 제3조 부터 제3조의6까지에의 규정에 따른 주가는 종가를 기준으로 한다. 이 경우 권리락, 주식분할 등으로 인하여 주가의 변동이 있는 경우에는 이를 감안하여 산정한 주가를 기준으로 종가를 적용하며, 신규상장종목 또는 제3조제5항 각 호의 어느 하나에 해당하여 매매거래가 정지된 후 재개된 종목의 경우 상장일 및 매매거래 재개일의 시가를 그 전일의 종가로 본다."
항,2,시장의 건전성 유지,,,제3조의7제⑤항,기간의 계산 등,제3조의7,⑤,0,0,"⑤ 제3조 부터 제3조의6까지에의 규정에 따른 주가상승·하락률, 매수·매도 관여율, 주가지수상승률의 산식은 다음 각 호와 같다.<개정 2012. 10. 5., 2022. 11. 23., 2023. 12. 12.,2025. 2. 27.>"
호,2,시장의 건전성 유지,,,제3조의7제⑤항제1호,기간의 계산 등,제3조의7,⑤,1,0,주가상승·하락률=[(비교시점의 종가-기준시점의 종가)/기준시점의 종가]×100
호,2,시장의 건전성 유지,,,제3조의7제⑤항제2호,기간의 계산 등,제3조의7,⑤,2,0,"매수·매도 관여율=[일정기간 특정 계좌·지점의 매수·매도수량/일정기간 전체 매수·매도수량]×100. 다만, 시세영향력을 고려한 매수 관여율은 위원장이 별도로 정한다."
호,2,시장의 건전성 유지,,,제3조의7제⑤항제3호,기간의 계산 등,제3조의7,⑤,3,0,주가지수상승률=[(비교시점의 주가지수-기준시점의 주가지수)/기준시점의 주가지수]×100
호,2,시장의 건전성 유지,,,제3조의7제⑤항제4호,기간의 계산 등,제3조의7,⑤,4,0,삭제<2025. 2. 27..>
호,2,시장의 건전성 유지,,,제3조의7제⑤항제5호,기간의 계산 등,제3조의7,⑤,5,0,삭제<2025. 2. 27..>
항,2,시장의 건전성 유지,,,제3조의7제⑥항,기간의 계산 등,제3조의7,⑥,0,0,"⑥ 제3조부터 제3조의6까지에 따른 거래량, 수량, 관여율, 계좌, 특정계좌(군) 및 일중 전체 최고가는 정규시장(정규시장의 매매거래시간과 동일하거나 유사한 다자간매매체결회사의 매매거래시간 중의 매매거래를 포함한다)을 기준으로 적용한다. 다만, 전산장애 등으로 다자간매매체결회사로부터 관련 정보를 수신할 수 없는 경우에는 해당 매매거래일의 다자간매매체결회사에 관한 사항을 제외하고 적용할 수 있다.<신설 2025. 2. 27.> [본조신설 2007. 8. 27.]"
항,2,시장의 건전성 유지,,,제3조의8제①항,회원의 모니터링시스템의 운영 등,제3조의8,①,0,0,"① 규정 제6조제6항에 따라 위원회는 주문의 양태, 종목별 관여율 및 주가변동율 등을 감안하여 회원의 모니터링시스템 감시항목의 예시기준을 정한다.<개정 2012. 12. 27., 2017. 2. 10.>"
항,2,시장의 건전성 유지,,,제3조의8제②항,회원의 모니터링시스템의 운영 등,제3조의8,②,0,0,"② 회원은 제1항에 따른 자체적인 모니터링기준에 해당하는 거래로서 불공정거래에 해당할 우려가 있다고 판단되는 경우에는 해당 고객에 대하여 사전경고, 주문수탁의 거부 등 불공정거래의 예방을 위한 적절한 조치를 하여야 한다.<개정 2017. 2. 10.>"
항,2,시장의 건전성 유지,,,제3조의8제③항,회원의 모니터링시스템의 운영 등,제3조의8,③,0,0,③ 위원회가 회원에게 모니터링시스템의 운영 등 자체감시 활동에 필요한 사항을 권고하거나 이에 필요한 기술적 지원 등을 한 경우에는 해당 회원에게 적절한 조치를 취하고 그 결과를 위원회에 통보하도록 요구할 수 있다.
항,2,시장의 건전성 유지,,,제3조의8제④항,회원의 모니터링시스템의 운영 등,제3조의8,④,0,0,④ 위원회는 회원이 모니터링시스템 등을 효율적으로 운영할 수 있도록 회원의 준법감시인으로 구성되는 협의체를 지원할 수 있다.
항,2,시장의 건전성 유지,,,제3조의8제⑤항,회원의 모니터링시스템의 운영 등,제3조의8,⑤,0,0,"⑤ 제1항에 따른 회원의 모니터링시스템 감시항목의 예시기준 등 회원의 예방활동 지원을 위해 필요한 사항은 위원장이 정한다.<신설 2012. 12. 27., 2017. 2. 10.> [전문개정 2009. 2. 3.]"
항,2,시장의 건전성 유지,,,제4조제①항,회원의 보고대상 증권 등<개정 2009. 2. 3.>,제4조,①,0,0,"① 규정 제7조제1항에서 “세칙으로 정하는 종목”이란 다음 각 호의 증권 및 장내파생상품의 종목을 말한다.<개정 2006. 11. 30., 2009. 2. 3.>"
호,2,시장의 건전성 유지,,,제4조제①항제1호,회원의 보고대상 증권 등<개정 2009. 2. 3.>,제4조,①,1,0,전환사채권
호,2,시장의 건전성 유지,,,제4조제①항제2호,회원의 보고대상 증권 등<개정 2009. 2. 3.>,제4조,①,2,0,신주인수권부사채권
호,2,시장의 건전성 유지,,,제4조제①항제3호,회원의 보고대상 증권 등<개정 2009. 2. 3.>,제4조,①,3,0,신주인수권을 표시하는 증서
호,2,시장의 건전성 유지,,,제4조제①항제4호,회원의 보고대상 증권 등<개정 2009. 2. 3.>,제4조,①,4,0,이익참가부사채권
호,2,시장의 건전성 유지,,,제4조제①항제5호,회원의 보고대상 증권 등<개정 2009. 2. 3.>,제4조,①,5,0,해당 주권상장법인의 주식과 교환을 청구할 수 있는 교환사채권
호,2,시장의 건전성 유지,,,제4조제①항제5의2호,회원의 보고대상 증권 등<개정 2009. 2. 3.>,제4조,①,5의2,0,"수익증권, 파생결합증권 및 증권예탁증권"
호,2,시장의 건전성 유지,,,제4조제①항제6호,회원의 보고대상 증권 등<개정 2009. 2. 3.>,제4조,①,6,0,"권리행사로 해당 주권상장법인의 주식을 취득할 수 있는 주식워런트증권, 주식선물, 주식옵션 및 이와 유사한 증권 또는 장내파생상품"
항,2,시장의 건전성 유지,,,제4조제②항,회원의 보고대상 증권 등<개정 2009. 2. 3.>,제4조,②,0,0,② 규정 제7조제5항에 따른 주권상장법인 주요주주 등의 자기주식등 거래현황 보고는 별지 제1호의 서식에 따른다.<개정 2009. 2. 3.>
조,2,시장의 건전성 유지,,,제5조,불공정거래 예방을 위한 회원의 보고,제5조,0,0,0,"규정 제7조제2항에 따른 회원의 풍문등의 보고는 별지 제2호서식에 따르고, 같은 조 제4항에 따른 민원·분쟁의 보고는 별지 제4호서식에 따른다. [전문개정 2009. 2. 3.]"
조,3,이상거래의 심리 및 회원의 감리,,,제6조,회피신청서의 작성방법,제6조,0,0,0,규정 제9조제2항의 규정에 의하여 회피신청서는 별지 제5호의 서식에 의한다.
항,3,이상거래의 심리 및 회원의 감리,,,제6조의2제①항,불공정거래 신고의 처리,제6조의2,①,0,0,"① 규정 제10조제3항에 따른 불공정거래의 신고는 문서, 우편, 모사전송(FAX) 또는 인터넷, 전화 등으로 할 수 있다. 이 경우 신고인의 신원 확인이 가능하고 불공정거래 개연성을 확인할 수 있는 구체적 내용이 포함되어야 한다.<신설 2013. 9. 13.>"
항,3,이상거래의 심리 및 회원의 감리,,,제6조의2제②항,불공정거래 신고의 처리,제6조의2,②,0,0,"② 위원회는 제1항에 따라 불공정거래의 신고가 접수된 경우에는 그 내용의 사실 확인을 위하여 시장감시, 심리 또는 감리를 실시할 수 있다.<개정 2009. 2. 3., 2013. 9. 13.>"
항,3,이상거래의 심리 및 회원의 감리,,,제6조의2제③항,불공정거래 신고의 처리,제6조의2,③,0,0,"③ 위원회는 불공정거래의 신고내용이 다음 각 호의 어느 하나에 해당하는 경우에는 종결처리 할 수 있다.<개정 2007. 8. 27., 2009. 2. 3., 2013. 9. 13.>"
호,3,이상거래의 심리 및 회원의 감리,,,제6조의2제③항제1호,불공정거래 신고의 처리,제6조의2,③,1,0,「자본시장과 금융투자업에 관한 법률」(이하 “법”이라 한다) 및 업무관련규정 등에서 규정하는 위법·부당행위와 관련이 없는 경우<개정 2025. 2. 27.>
호,3,이상거래의 심리 및 회원의 감리,,,제6조의2제③항제2호,불공정거래 신고의 처리,제6조의2,③,2,0,신고내용의 범위·시기·행위 등이 모호하거나 구체적인 사실이 제시되지 않아 불분명한 경우
호,3,이상거래의 심리 및 회원의 감리,,,제6조의2제③항제3호,불공정거래 신고의 처리,제6조의2,③,3,0,신고인의 인적사항이 불분명하거나 부적합하다고 판단되는 경우
호,3,이상거래의 심리 및 회원의 감리,,,제6조의2제③항제4호,불공정거래 신고의 처리,제6조의2,③,4,0,거래소의 심리로서는 조사가 불가능한 경우
호,3,이상거래의 심리 및 회원의 감리,,,제6조의2제③항제5호,불공정거래 신고의 처리,제6조의2,③,5,0,동일인이 최근 5 매매거래일 이내에 재신고한 사항으로서 신고내용이 동일 또는 유사한 경우
호,3,이상거래의 심리 및 회원의 감리,,,제6조의2제③항제6호,불공정거래 신고의 처리,제6조의2,③,6,0,신고내용이 증권정보단말기 등에 일반적으로 공개된 시황(주가·거래량 또는 호가의 변동상황 등)을 주된 근거로 하여 일반적인 의혹을 제시하는 경우
호,3,이상거래의 심리 및 회원의 감리,,,제6조의2제③항제7호,불공정거래 신고의 처리,제6조의2,③,7,0,신고내용과 동일 또는 유사사안으로 심리 또는 감리 과정에 있거나 최근 조사가 종료된 경우
호,3,이상거래의 심리 및 회원의 감리,,,제6조의2제③항제8호,불공정거래 신고의 처리,제6조의2,③,8,0,그밖에 신고내용이 거래양태·기간 또는 시황 등에 비추어 조사 필요성이 낮은 경우
항,3,이상거래의 심리 및 회원의 감리,,,제6조의2제④항,불공정거래 신고의 처리,제6조의2,④,0,0,"④ 제3항의 규정에 불구하고 신고내용이 중대하여 위원장이 필요하다고 인정하는 경우에는 종결처리하지 않을 수 있다.<개정 2007. 8. 27., 2013. 9. 13.> [본조신설 2006. 11. 30.]"
항,3,이상거래의 심리 및 회원의 감리,,,제6조의3제①항,포상지급기준 등,제6조의3,①,0,0,"① 규정 제10조제3항의 규정에 의하여 위원회는 불공정거래 혐의 입증과 관련된 구체적인 자료(주가추이, 공시, 언론보도 등 일반에 공개된 자료는 제외한다)를 근거로 한 신고내용에 대한 심리·감리결과 다음 각 호의 어느 하나에 해당하는 경우에 신고인에 대하여 30억원 이하의 포상금을 지급할 수 있다. 다만, 제1호 및 제3호의 경우 제2항에 따라 이미 지급된 소액포상금을, 제2호의 경우 제1호에 따라 이미 지급된 포상금을 차감하여 지급한다.<개정 2007. 8. 27., 2008. 6. 27., 2009. 2. 3., 2011. 2. 11., 2012. 7. 3., 2013. 9. 13., 2015. 6. 30., 2022. 11. 23., 2024. 2. 16.>"
호,3,이상거래의 심리 및 회원의 감리,,,제6조의3제①항제1호,포상지급기준 등,제6조의3,①,1,0,불공정거래 혐의로 감독기관에 통보한 경우
호,3,이상거래의 심리 및 회원의 감리,,,제6조의3제①항제2호,포상지급기준 등,제6조의3,①,2,0,"제1호에 해당하는 경우로서 증권선물위원회의 검찰 고발, 수사기관 통보 또는 과징금 부과 등의 결정이 내려진 사실이 확인된 경우"
호,3,이상거래의 심리 및 회원의 감리,,,제6조의3제①항제3호,포상지급기준 등,제6조의3,①,3,0,업무관련규정 또는 법 제178조의2를 위반하여 회원조치(회원 임직원에 대한 조치를 포함한다) 등이 내려진 경우<개정 2025. 2. 27.>
항,3,이상거래의 심리 및 회원의 감리,,,제6조의3제②항,포상지급기준 등,제6조의3,②,0,0,"② 위원회는 신고내용이 불공정거래의 예방과 시장감시 업무의 수행에 기여한 것으로 인정되는 경우에는 900만원 이하의 범위에서 별도로 정하는 소액포상금을 지급할 수 있다.<신설 2008. 6. 27., 2011. 2. 11., 2012. 7. 3., 2013. 9. 13., 2014. 6. 26., 2021. 12. 15.,개정 2026. 6. 26.>"
항,3,이상거래의 심리 및 회원의 감리,,,제6조의3제③항,포상지급기준 등,제6조의3,③,0,0,"③ 위원회가 중대한 불공정거래 사안에 대한 제보를 받기 위하여 인터넷 홈페이지 등에 공고한 기간 중의 신고내용이 시장감시 업무의 수행에 기여한 것으로 인정되는 경우에는 신고인에 대하여 1억원 이하의 특별포상금을 지급할 수 있다. 이 경우 제2항에 따른 소액포상금은 지급하지 아니한다.<신설 2012. 7. 3., 2013. 9. 13.>"
항,3,이상거래의 심리 및 회원의 감리,,,제6조의3제④항,포상지급기준 등,제6조의3,④,0,0,"④ 제1항부터 제3항까지에도 불구하고 다음 각 호의 어느 하나에 해당하는 경우에는 포상금을 지급하지 아니한다.<개정 2007. 8. 27., 2008. 6. 27., 2009. 2. 3., 2012. 7. 3., 2013. 9. 13., 2022. 11. 23.>"
호,3,이상거래의 심리 및 회원의 감리,,,제6조의3제④항제1호,포상지급기준 등,제6조의3,④,1,0,"신고내용의 불공정거래 유형과 시기 및 행위자 등이 조사결과와 다른 경우. 다만, 당해 신고내용이 불공정거래를 적발하는데 크게 기여한 경우에는 그러하지 아니하다."
호,3,이상거래의 심리 및 회원의 감리,,,제6조의3제④항제2호,포상지급기준 등,제6조의3,④,2,0,"동일하거나 중요부분이 같은 신고내용(이하 '동일한 신고내용'이라 한다)에 대하여 포상금을 이미 지급하였거나 지급할 예정인 경우. 다만, 제1항제1호에 따른 포상금을 지급한 경우로서 제1항제2호에 따른 포상금을 지급하는 경우 및 제2항에 따른 소액포상금 또는 제3항에 따른 특별포상금을 지급한 경우로서 제1항에 따른 포상금을 지급하는 경우에는 그러하지 아니하다."
호,3,이상거래의 심리 및 회원의 감리,,,제6조의3제④항제2의2호,포상지급기준 등,제6조의3,④,2의2,0,제1항에 따른 포상금 지급대상에 해당하는 신고내용(중요부분이 같은 경우를 포함한다)에 대해 다른 기관(금융감독원 등)이 포상금을 이미 지급하였거나 지급할 예정인 경우
호,3,이상거래의 심리 및 회원의 감리,,,제6조의3제④항제3호,포상지급기준 등,제6조의3,④,3,0,신고내용이 언론보도 등으로 이미 공지된 사실과 동일 또는 유사한 경우
호,3,이상거래의 심리 및 회원의 감리,,,제6조의3제④항제4호,포상지급기준 등,제6조의3,④,4,0,공무원 또는 감독기관의 임원·직원이 직무와 관련하여 지득한 사항인 경우
호,3,이상거래의 심리 및 회원의 감리,,,제6조의3제④항제5호,포상지급기준 등,제6조의3,④,5,0,신고인의 신원 또는 소재 파악이 곤란하여 3개월 이상 연락이 어려운 경우
호,3,이상거래의 심리 및 회원의 감리,,,제6조의3제④항제6호,포상지급기준 등,제6조의3,④,6,0,신고자가 포상금 수령을 거부하는 경우
호,3,이상거래의 심리 및 회원의 감리,,,제6조의3제④항제7호,포상지급기준 등,제6조의3,④,7,0,조사결과 신고자가 자신이 제보한 해당 불공정거래행위로 조치를 받는 경우로서 법 시행령 제379조의2제3항 각 호에 해당하는 경우<개정 2026. 6. 26.>
호,3,이상거래의 심리 및 회원의 감리,,,제6조의3제④항제8호,포상지급기준 등,제6조의3,④,8,0,신고자가 신고내용과 관련된 이해관계자로서 포상금 이외의 사적인 이익을 목적으로 신고했음이 명백한 경우
호,3,이상거래의 심리 및 회원의 감리,,,제6조의3제④항제9호,포상지급기준 등,제6조의3,④,9,0,기타 포상금지급이 불합리하다고 위원장이 인정하는 경우
항,3,이상거래의 심리 및 회원의 감리,,,제6조의3제⑤항,포상지급기준 등,제6조의3,⑤,0,0,"⑤ 제1항부터 제3항까지에 따른 포상금의 지급 여부는 다음 각 호의 기간 이내에 결정하여야 한다. 다만, 제1항제2호에 해당하는 경우로서 포상금 지급결정시한까지 제4항제2호의2에 해당하는지 여부가 확인되지 않은 경우에는 해당 확인일을 지급사유가 발생한 날로 본다.<개정 2022. 11. 23., 2024. 2. 16.,2026. 6. 26.>"
호,3,이상거래의 심리 및 회원의 감리,,,제6조의3제⑤항제1호,포상지급기준 등,제6조의3,⑤,1,0,위원회가 제1항에 따른 포상금의 지급 여부를 결정하는 경우 : 지급사유가 발생한 날이 속하는 분기가 경과한 후 4개월 이내
호,3,이상거래의 심리 및 회원의 감리,,,제6조의3제⑤항제2호,포상지급기준 등,제6조의3,⑤,2,0,제1호 외의 경우 : 다음 각 목의 구분에 따른 기간 이내
목,3,이상거래의 심리 및 회원의 감리,,,제6조의3제⑤항제2호가목,포상지급기준 등,제6조의3,⑤,2,가,가. 제1항에 따른 포상금 및 제3항에 따른 특별포상금으로서 그 금액이 5천만원 초과인 경우 : 지급사유가 발생한 날이 속하는 분기가 경과한 후 2개월 이내
목,3,이상거래의 심리 및 회원의 감리,,,제6조의3제⑤항제2호나목,포상지급기준 등,제6조의3,⑤,2,나,나. 제3항에 따른 특별포상금으로서 그 금액이 5천만원 이하인 경우 : 지급사유가 발생한 날로부터 1개월 이내
목,3,이상거래의 심리 및 회원의 감리,,,제6조의3제⑤항제2호다목,포상지급기준 등,제6조의3,⑤,2,다,다. 가목 및 나목 외의 경우 : 지급사유가 발생한 날이 속하는 분기가 경과한 후 1개월 이내
항,3,이상거래의 심리 및 회원의 감리,,,제6조의3제⑥항,포상지급기준 등,제6조의3,⑥,0,0,"⑥ 제1항부터 제3항까지에 따른 포상금은 지급결정이 있는 해당연도 포상금 예산의 범위 내에서 지급하여야 한다. 다만, 해당연도 예산이 부족한 때에는 포상심의위원회가 필요하다고 인정하는 경우에 다음연도 예산에서 지급할 수 있다.<신설 2026. 6. 26.>"
항,3,이상거래의 심리 및 회원의 감리,,,제6조의3제⑦항,포상지급기준 등,제6조의3,⑦,0,0,"⑦ 제1항에 따른 포상금의 산정방법 및 심의절차와 제2항에 따른 소액포상금 및 제3항에 따른 특별포상금의 구체적 지급사유, 산정방법 및 심의절차 등은 위원장이 정한다.<개정 2008. 6. 27., 2012. 7. 3., 2012. 12. 27., 2026. 6. 26.> [본조신설 2006. 11. 30.]"
조,3,이상거래의 심리 및 회원의 감리,,,제6조의4,다자간매매체결회사에 대한 정보제공 요구 방법,제6조의4,0,0,0,규정 제10조의2제2항에 따라 위원회는 서면(「정보통신망 이용촉진 및 정보보호 등에 관한 법률」에 따른 정보통신망을 이용한 전자문서를 포함한다) 또는 「전자금융감독규정」에 따른 정보통신망을 통한 전산자료의 방법으로 다자간매매체결회사에 관련 정보의 제공을 요구할 수 있다. [신설 2025. 2. 27.]
항,3,이상거래의 심리 및 회원의 감리,,,제7조제①항,시장감시의 구분등<개정 2022. 11. 23.>,제7조,①,0,0,"① 규정 제11조제4항에 따라 시장감시의 구분은 시장감시의 대상종목 및 기간 등을 고려하여 위원장이 정한다.<개정 2006. 11. 30.,2025. 10. 28.>"
항,3,이상거래의 심리 및 회원의 감리,,,제7조제②항,시장감시의 구분등<개정 2022. 11. 23.>,제7조,②,0,0,"② 규정 제11조제4항에 따라 위원회는 시장감시 등을 위하여 다음 각 호의 어느 하나에 해당하는 풍문등을 수집할 수 있다.<신설 2006. 11. 30., 2007. 8. 27., 2009. 2. 3., 2013. 9. 13., 2015. 6. 30.,개정 2025. 10. 28.>"
호,3,이상거래의 심리 및 회원의 감리,,,제7조제②항제1호,시장감시의 구분등<개정 2022. 11. 23.>,제7조,②,1,0,법 제147조·제172조부터 제174조까지·제176조·제178조·제178조의2 및 제180조에서 정하는 사항
호,3,이상거래의 심리 및 회원의 감리,,,제7조제②항제2호,시장감시의 구분등<개정 2022. 11. 23.>,제7조,②,2,0,"법 제161조, 「유가증권시장 공시규정」 제1편제2장·제3장, 「코스닥시장 공시규정」 제1편제2장·제3장 및 「코넥스시장 공시규정」 제1편제2장에서 규정하는 사항"
호,3,이상거래의 심리 및 회원의 감리,,,제7조제②항제3호,시장감시의 구분등<개정 2022. 11. 23.>,제7조,②,3,0,제1호와 제2호 이외에 가격 및 거래량에 영향을 미칠 수 있는 사항
항,3,이상거래의 심리 및 회원의 감리,,,제7조제③항,시장감시의 구분등<개정 2022. 11. 23.>,제7조,③,0,0,"③ 이상거래 선정을 위한 분석대상 적출·주시기준, 심리·거래분석 대상의 선정기준 및 처리 등 시장감시를 위해 필요한 사항은 위원장이 정한다.<신설 2022. 11. 23.>"
항,3,이상거래의 심리 및 회원의 감리,,,제7조의2제①항,이상급등종목의 매매계약체결방법 변경 요구,제7조의2,①,0,0,"① 규정 제11조제4항에 따라 위원회는 이상급등종목이 다음 각 호의 어느 하나에 해당하는 경우 규정 제12조제3호에 따른 매매계약체결방법의 변경을 해당시장에 요구할 수 있다. 다만, 그 종목이 단기과열종목 또는 정리매매종목으로 지정되어 이미 매매계약체결방법이 변경되었거나 변경될 예정인 경우에는 그러하지 아니하다.<개정 2025. 10. 28.>"
호,3,이상거래의 심리 및 회원의 감리,,,제7조의2제①항제1호,이상급등종목의 매매계약체결방법 변경 요구,제7조의2,①,1,0,"제3조의3에 따른 투자경고종목으로서 주가변동, 공시, 풍문 및 보도 등을 종합적으로 고려하여 필요하다고 판단되는 경우"
호,3,이상거래의 심리 및 회원의 감리,,,제7조의2제①항제2호,이상급등종목의 매매계약체결방법 변경 요구,제7조의2,①,2,0,제1호에 따라 매매계약체결방법이 변경된 종목이 제3조의4에 따라 투자위험종목으로 지정되는 경우
항,3,이상거래의 심리 및 회원의 감리,,,제7조의2제②항,이상급등종목의 매매계약체결방법 변경 요구,제7조의2,②,0,0,② 위원회는 제1항에 따라 해당종목의 매매계약체결방법이 변경되는 경우 그 사실을 공표할 수 있다. [본조신설 2017. 3. 7.]
조,3,이상거래의 심리 및 회원의 감리,,,제7조의3,시장감시자료,제7조의3,0,0,0,규정 제11조제4항에 따라 회원은 위원장이 정하여 통보한 제출방법에 따라 시장감시자료를 제출하여야 한다. [신설 2025. 10. 28.]
조,3,이상거래의 심리 및 회원의 감리,,,제8조,심리자료,제8조,0,0,0,"규정 제14조제4항에 따라 심리를 위하여 징구하는 자료(이하 “심리자료”라 한다)는 다음 각 호와 같다.<개정 2006. 11. 30., 2009. 2. 3., 2013. 9. 13.>"
호,3,이상거래의 심리 및 회원의 감리,,,제8조제1호,심리자료,제8조,0,1,0,별지 제6호 서식에 의한 위탁자 기본정보 현황
호,3,이상거래의 심리 및 회원의 감리,,,제8조제2호,심리자료,제8조,0,2,0,"주문표, 전산주문표 그 밖에 주문내용을 기재한 문서"
호,3,이상거래의 심리 및 회원의 감리,,,제8조제3호,심리자료,제8조,0,3,0,거래계좌설정약정서 및 계좌관리대장
호,3,이상거래의 심리 및 회원의 감리,,,제8조제4호,심리자료,제8조,0,4,0,위험고지서 교부확인서
호,3,이상거래의 심리 및 회원의 감리,,,제8조제5호,심리자료,제8조,0,5,0,신용거래약정서
호,3,이상거래의 심리 및 회원의 감리,,,제8조제6호,심리자료,제8조,0,6,0,고객계좌원장
호,3,이상거래의 심리 및 회원의 감리,,,제8조제7호,심리자료,제8조,0,7,0,위탁증거금으로 징수한 대용증권명세표
호,3,이상거래의 심리 및 회원의 감리,,,제8조제8호,심리자료,제8조,0,8,0,자기거래원장
호,3,이상거래의 심리 및 회원의 감리,,,제8조제9호,심리자료,제8조,0,9,0,입·출금전표 및 수표번호 기입장
호,3,이상거래의 심리 및 회원의 감리,,,제8조제10호,심리자료,제8조,0,10,0,"입·출고전표, 입·출고증권기입장 및 결제증권기입대장"
호,3,이상거래의 심리 및 회원의 감리,,,제8조제11호,심리자료,제8조,0,11,0,"위탁자별 예수금, 입·출금 및 입·출고현황과 위탁자별 증권보유현황 및 거래내역"
호,3,이상거래의 심리 및 회원의 감리,,,제8조제12호,심리자료,제8조,0,12,0,"「유가증권시장 업무규정」 제17조, 「코스닥시장 업무규정」 제9조의2, 「코넥스시장 업무규정」 제11조 및 다자간매매체결회사의 업무기준에 따른 공매도에 해당하는 종목의 수량, 가격, 일자 및 위탁자명<개정 2025. 2. 27.>"
호,3,이상거래의 심리 및 회원의 감리,,,제8조제13호,심리자료,제8조,0,13,0,아이피(IP)주소 등 주문입력단말기 식별정보
호,3,이상거래의 심리 및 회원의 감리,,,제8조제14호,심리자료,제8조,0,14,0,회원의 고객계좌관리자의 인적사항
호,3,이상거래의 심리 및 회원의 감리,,,제8조제15호,심리자료,제8조,0,15,0,금융위원회의 금융투자업규정에 따른 투자자집단의 대표투자자 명의의 계좌나 투자자집단의 주문처리를 위하여 투자매매업자·투자중개업자가 개설한 계좌의 경우에는 그 집단에 속하는 외국인별 계좌 정보 및 매매 결과의 배분 내역
호,3,이상거래의 심리 및 회원의 감리,,,제8조제16호,심리자료,제8조,0,16,0,금융위원회의 금융투자업규정에 의한 외국인의 투자등록의 특례로서 고객자산의 구분관리 등을 위하여 외국인을 회원 등의 명의로 투자등록을 한 경우에는 그 고객자산의 계산주체인 외국인관련 기본정보 등 심리에 필요한 자료
호,3,이상거래의 심리 및 회원의 감리,,,제8조제17호,심리자료,제8조,0,17,0,그 밖에 심리에 필요한 자료
항,3,이상거래의 심리 및 회원의 감리,,,제9조제①항,심리자료의 제출요청등,제9조,①,0,0,"① 규정 제14조제4항에 따라 심리자료는 「금융실명거래 및 비밀보장에 관한 법률」 제4조제2항에 따른 서식에 따라 제출을 요청하고, 관계자의 출석·진술은 별지 제8호서식에 따라 요청한다.<개정 2009. 2. 3.>"
항,3,이상거래의 심리 및 회원의 감리,,,제9조제②항,심리자료의 제출요청등,제9조,②,0,0,② 규정 제14조제4항의 규정에 의하여 위원회는 회원에게 부득이한 사정이 있다고 인정하는 경우 심리자료의 제출기한을 연장하거나 관계자의 출석일시를 연기할 수 있다.
항,3,이상거래의 심리 및 회원의 감리,,,제9조제③항,심리자료의 제출요청등,제9조,③,0,0,"③ 규정 제14조제4항의 규정에 의하여 위원회가 심리자료의 제출을 요청한 경우에 회원은 서면, 디스켓 그 밖에 위원회가 요구하는 방법으로 제출하여야 한다.<개정 2006. 11. 30.>"
항,3,이상거래의 심리 및 회원의 감리,,,제10조제①항,현지출장,제10조,①,0,0,① 규정 제14조제4항의 규정에 따라 다음 각 호의 어느 하나에 해당하는 경우에는 현지출장을 할 수 있다.<개정 2007. 8. 27.>
호,3,이상거래의 심리 및 회원의 감리,,,제10조제①항제1호,현지출장,제10조,①,1,0,신속한 심리자료의 징구 등을 위하여 필요한 경우
호,3,이상거래의 심리 및 회원의 감리,,,제10조제①항제2호,현지출장,제10조,①,2,0,심리업무 수행상 회원 및 그 관련 임원·직원의 의견청취를 위하여 필요한 경우
호,3,이상거래의 심리 및 회원의 감리,,,제10조제①항제3호,현지출장,제10조,①,3,0,현지 시장상황 및 실태 등의 파악을 위하여 필요한 경우
호,3,이상거래의 심리 및 회원의 감리,,,제10조제①항제4호,현지출장,제10조,①,4,0,그 밖에 효율적인 심리업무의 수행을 위하여 필요한 경우
항,3,이상거래의 심리 및 회원의 감리,,,제10조제②항,현지출장,제10조,②,0,0,② 제9조제1항의 규정은 제1항제1호의 규정에 따른 심리자료의 징구의 경우에 준용한다.<개정 2007. 8. 27.>
항,3,이상거래의 심리 및 회원의 감리,,,제10조제③항,현지출장,제10조,③,0,0,"③ 제1항제1호, 제2호 및 제4호의 규정에 의하여 현지출장을 실시하는 경우에는 당해 회원의 본점·지점 또는 영업소에 사전통지하고, 관계자에게 제12조제1항의 규정에 의한 감리증표를 제시하며, 당해 목적에 필요한 최소한의 범위 내에서 업무를 수행하여야 한다."
조,3,이상거래의 심리 및 회원의 감리,,,제10조의2,심리반의 편성,제10조의2,0,0,0,위원회는 규정 제14조제4항에 따라 심리를 위하여 필요한 경우에는 심리반을 편성할 수 있다. [본조신설 2009. 2. 3.]
조,3,이상거래의 심리 및 회원의 감리,,,제11조,문답서 등 작성방법,제11조,0,0,0,"규정 제15조제5항에 따라 확인서, 문답서 및 질문서는 각각 별지 제9호부터 제11호까지의 서식에 따라 작성한다. [전문개정 2009. 2. 3.]"
항,3,이상거래의 심리 및 회원의 감리,,,제12조제①항,정기감리의 실시,제12조,①,0,0,① 규정 제16조제3항에 따라 정기감리는 연간감리계획에 따라 실시한다.<개정 2009. 2. 3.>
항,3,이상거래의 심리 및 회원의 감리,,,제12조제②항,정기감리의 실시,제12조,②,0,0,"② 제1항의 규정에 의한 연간감리계획에는 감리대상, 감리방향, 중점감리사항 및 감리의 방법·일정 등을 포함하여야 한다."
항,3,이상거래의 심리 및 회원의 감리,,,제12조제③항,정기감리의 실시,제12조,③,0,0,③ 위원회는 연간감리계획을 확정한 때에는 회원에게 통지하여야 한다. 이 경우 그 내용을 회원에게 설명한 때에는 통지한 것으로 본다.<개정 2009. 2. 3.>
항,3,이상거래의 심리 및 회원의 감리,,,제12조제④항,정기감리의 실시,제12조,④,0,0,"④ 위원회는 회원의 거래내역 등을 분석한 결과 회원이 업무관련규정 또는 법 제178조의2를 위반할 우려가 있는 경우에는 정기감리대상으로 선정될 수 있다는 사실을 해당 회원에게 예고할 수 있다.<개정 2009. 2. 3., 2015. 6. 30.,2025. 2. 27.>"
항,3,이상거래의 심리 및 회원의 감리,,,제12조제⑤항,정기감리의 실시,제12조,⑤,0,0,⑤ 거래분석 및 정기감리대상 선정 기준 등 정기감리를 위해 필요한 사항은 위원장이 정한다.<신설 2022. 11. 23.> [본조신설 2006. 11. 30.]
항,3,이상거래의 심리 및 회원의 감리,,,제12조의2제①항,수시감리의 실시,제12조의2,①,0,0,① 규정 제16조제3항에 따라 수시감리는 시장감시결과 또는 민원·제보 등에 따라 위원장이 시장질서유지 및 투자자보호를 위하여 필요하다고 인정하는 경우에 실시한다.<개정 2009. 2. 3.>
항,3,이상거래의 심리 및 회원의 감리,,,제12조의2제②항,수시감리의 실시,제12조의2,②,0,0,② 제1항의 규정에 불구하고 관계법규 위반혐의와 관련하여 조사대상기간이 동일 또는 유사한 경우로서 심리 또는 감리를 이미 실시하였거나 실시중인 경우에는 감리를 실시하지 아니할 수 있다. [본조신설 2006. 11. 30.]
항,3,이상거래의 심리 및 회원의 감리,,,제12조의3제①항,감리범위의 확대·병합등,제12조의3,①,0,0,"① 규정제17조제5항의 규정에 의하여 위원회는 위법·위규행위의 확인을 위하여 불가피하다고 인정하는 경우에는 대상기간, 대상회원·지점 또는 대상종목 등에 대하여 감리를 확대할 수 있다."
항,3,이상거래의 심리 및 회원의 감리,,,제12조의3제②항,감리범위의 확대·병합등,제12조의3,②,0,0,"② 위원회는 감리중인 회원 또는 지점이 동일·유사한 사유로 다시 감리대상으로 선정된 경우에는 대상기간, 대상회원·지점 또는 대상종목 등을 병합하여 단일건으로 감리를 실시할 수 있다. [본조신설 2006. 11. 30.]"
항,3,이상거래의 심리 및 회원의 감리,,,제12조의4제①항,감리의 방법등,제12조의4,①,0,0,"① 규정 제17조제5항의 규정에 의한 감리명령서는 별지 제12호 서식으로 하고 감리증표는 거래소 취업규칙에 따른 신분증명서로 한다.<개정 2006. 11. 30., 2017. 3. 7.>"
항,3,이상거래의 심리 및 회원의 감리,,,제12조의4제②항,감리의 방법등,제12조의4,②,0,0,"② 규정 제17조제5항의 규정에 의하여 제13조의 규정에 의한 감리반의 장(이하 “감리반장”이라 한다)은 실지감리 중 관련 위반 내용이 임원·직원의 고의 또는 중과실이 없는 경미한 사항인 경우 다음 각 호의 조치를 현지에서 취할 수 있다.<개정 2006. 11. 30., 2009. 2. 3.>"
호,3,이상거래의 심리 및 회원의 감리,,,제12조의4제②항제1호,감리의 방법등,제12조의4,②,1,0,시정조치 : 시정방안이 명확·용이한 경우
호,3,이상거래의 심리 및 회원의 감리,,,제12조의4제②항제2호,감리의 방법등,제12조의4,②,2,0,주의조치 : 시정 또는 원상회복이 불가능하거나 그 실익이 없는 경우
항,3,이상거래의 심리 및 회원의 감리,,,제12조의4제③항,감리의 방법등,제12조의4,③,0,0,③ 제2항의 규정에 의하여 조치를 하는 경우에 감리반장은 별지 제14호의 서식을 작성하여 해당 본점·지점 또는 영업소의 부서장·지점장 등에게 교부하고 사후관리를 위하여 당해 회원의 감사 또는 내부통제 관련부서의 장에게 통보한다.<개정 2006. 11. 30.>
항,3,이상거래의 심리 및 회원의 감리,,,제12조의4제④항,감리의 방법등,제12조의4,④,0,0,④ 제8조 내지 제11조의 규정은 감리에 관하여 이를 준용한다.
조,3,이상거래의 심리 및 회원의 감리,,,제13조,감리반의 편성,제13조,0,0,0,위원회는 규정 제17조제5항에 따라 감리를 위하여 필요한 경우에는 감리반을 편성할 수 있다. [전문개정 2009. 2. 3.]
항,3,이상거래의 심리 및 회원의 감리,,,제13조의2제①항,회원의 공매도 점검 등,제13조의2,①,0,0,① 규정 제19조의2제1항제2호에서 “세칙으로 정하는 공매도 위반의 우려가 있는 거래”란 차입공매도 호가 표시없이 소유하지 아니한 증권 또는 결제일까지 결제가 가능하지 않은 증권을 먼저 매도한 후 당일 해당 증권을 동일 또는 유사한 수량으로 재매수하는 거래를 말한다.
항,3,이상거래의 심리 및 회원의 감리,,,제13조의2제②항,회원의 공매도 점검 등,제13조의2,②,0,0,"② 회원은 규정 제19조의2제1항 또는 같은 조 제2항에 따른 공매도 위반 여부를 확인하는 경우 관련 문서, 녹취, 전자기록 등의 자료를 5년 동안 보관하여야 한다."
항,3,이상거래의 심리 및 회원의 감리,,,제13조의2제③항,회원의 공매도 점검 등,제13조의2,③,0,0,③ 회원은 규정 제19조의2제4항의 점검결과를 공매도위반 점검대상거래가 발생한 달이 속한 분기 종료일의 다음 달 10매매거래일까지 위원회에 보고하여야 한다.<개정 2026. 1. 29.>
항,3,이상거래의 심리 및 회원의 감리,,,제13조의2제④항,회원의 공매도 점검 등,제13조의2,④,0,0,④ 제3항에 따른 공매도 점검결과 보고에 관한 세부사항은 별표 1의2와 같다. [본조신설 2021. 3. 12.]
항,3,이상거래의 심리 및 회원의 감리,,,제13조의3제①항,제출자료의 종류·범위 등,제13조의3,①,0,0,① 규정 제19조의3제1항제1호 각 목 외의 부분에서 “세칙으로 정하는 자료”란 다음 각 호의 자료를 말한다.<개정 2025. 3. 13.>
호,3,이상거래의 심리 및 회원의 감리,,,제13조의3제①항제1호,제출자료의 종류·범위 등,제13조의3,①,1,0,위탁자 등에 관한 정보
호,3,이상거래의 심리 및 회원의 감리,,,제13조의3제①항제2호,제출자료의 종류·범위 등,제13조의3,①,2,0,차입계약서 등 대차거래에 관한 정보
호,3,이상거래의 심리 및 회원의 감리,,,제13조의3제①항제3호,제출자료의 종류·범위 등,제13조의3,①,3,0,증권보유잔고내역 등 매매거래 관련 정보
호,3,이상거래의 심리 및 회원의 감리,,,제13조의3제①항제4호,제출자료의 종류·범위 등,제13조의3,①,4,0,그 밖에 공매도 위반 여부 확인을 위해 위원회가 필요하다고 인정하는 자료
항,3,이상거래의 심리 및 회원의 감리,,,제13조의3제②항,제출자료의 종류·범위 등,제13조의3,②,0,0,② 규정 제19조의3제1항제2호에서 “세칙으로 정하는 방법”이란 다음 각 호의 모든 방법을 말한다.<신설 2025. 3. 13.>
호,3,이상거래의 심리 및 회원의 감리,,,제13조의3제②항제1호,제출자료의 종류·범위 등,제13조의3,②,1,0,별지 제14-2호 서식에 따른 보고서를 제출할 것<신설 2025. 3. 13.>
호,3,이상거래의 심리 및 회원의 감리,,,제13조의3제②항제2호,제출자료의 종류·범위 등,제13조의3,②,2,0,"공매도 등록번호를 기준으로 보유하고 있는 모든 종목에 대한 잔고 정보 등을 사유발생일로부터 2영업일이 되는 날 증권시장(시간외 시장을 포함하고, 다자간매매체결회사에서의 매매거래는 제외한다)의 장종료 후 지체없이 제출할 것<신설 2025. 3. 13.>"
호,3,이상거래의 심리 및 회원의 감리,,,제13조의3제②항제3호,제출자료의 종류·범위 등,제13조의3,②,3,0,"위원회가 종목별 잔고 정보 등을 제출받기 위해 운영하는 시스템(이하 ‘공매도 중앙점검시스템’이라 한다)에 지정된 전자통신의 방식으로 제출할 것. 이 경우 공매도 중앙점검시스템의 운영기준, 점검대상 선정기준 및 절차 등 공매도 점검을 위해 필요한 사항은 위원장이 정한다.<신설 2025. 3. 13.>"
호,3,이상거래의 심리 및 회원의 감리,,,제13조의3제②항제4호,제출자료의 종류·범위 등,제13조의3,②,4,0,제출한 보고서에 거짓의 기재 또는 표시가 있거나 기재사항이 누락되었다는 사실 등을 알게된 경우 지체없이 정정하여 제출할 것<신설 2025. 3. 13.>
항,3,이상거래의 심리 및 회원의 감리,,,제13조의3제③항,제출자료의 종류·범위 등,제13조의3,③,0,0,③ 규정 제19조의3제1항제2호에서 “세칙으로 정하는 자료”란 다음 각 호의 자료를 말한다.<신설 2025. 3. 13.>
호,3,이상거래의 심리 및 회원의 감리,,,제13조의3제③항제1호,제출자료의 종류·범위 등,제13조의3,③,1,0,별지 제14-3호 서식에 따른 사실관계확인서<신설 2025. 3. 13.>
호,3,이상거래의 심리 및 회원의 감리,,,제13조의3제③항제2호,제출자료의 종류·범위 등,제13조의3,③,2,0,제1항제2호부터 제4호까지의 자료<신설 2025. 3. 13.>
항,3,이상거래의 심리 및 회원의 감리,,,제13조의3제④항,제출자료의 종류·범위 등,제13조의3,④,0,0,④ 회원은 규정 제19조의3제1항에 따른 자료제출 요구를 받은 날부터 2주 이내에 위원회에 관련 자료를 제출하여야 한다.
항,3,이상거래의 심리 및 회원의 감리,,,제13조의3제⑤항,제출자료의 종류·범위 등,제13조의3,⑤,0,0,⑤ 규정 제19조의3제2항에 따라 위원회는 같은 조 제1항제1호가목에 따른 회원에게 별지 제14-4호 서식에 따라 자료제출을 요구한다.<개정 2025. 3. 13.>
항,3,이상거래의 심리 및 회원의 감리,,,제13조의3제⑥항,제출자료의 종류·범위 등,제13조의3,⑥,0,0,⑥ 규정 제19조의3제1항제2호에 따른 자료제출 요구를 받은 자는 그 날로부터 7거래일 이내에 위원회가 지정하는 전자적 방법 등을 통하여 위원회에 관련 자료를 제출하여야 한다.<신설 2025. 3. 13.> [본조신설 2021. 3. 12.]
항,4,심리 또는 감리 결과의 조치,,,제14조제①항,회원에 대한 징계의 종류 및 사유 등<개정 2021. 9. 14.>,제14조,①,0,0,"① 규정 제22조제5항에 따라 회원에게 징계를 하는 경우에는 다음 각 호의 기준에 따른다.<개정 2006. 11. 30., 2007. 10. 16., 2009. 2. 3., 2013. 12. 30.>"
호,4,심리 또는 감리 결과의 조치,,,제14조제①항제1호,회원에 대한 징계의 종류 및 사유 등<개정 2021. 9. 14.>,제14조,①,1,0,회원의 제명 규정 제21조제1호 내지 제3호(이하 “관련법규등의 위반”이라 한다)에 해당되어 시장의 운영에 중대한 손실을 초래하거나 회원으로서 역할 수행이 곤란하다고 인정되는 경우
목,4,심리 또는 감리 결과의 조치,,,제14조제①항제1호나목,회원에 대한 징계의 종류 및 사유 등<개정 2021. 9. 14.>,제14조,①,1,나,나. 삭제<2011. 12. 26.>
목,4,심리 또는 감리 결과의 조치,,,제14조제①항제1호다목,회원에 대한 징계의 종류 및 사유 등<개정 2021. 9. 14.>,제14조,①,1,다,다. 삭제<2011. 12. 26.>
호,4,심리 또는 감리 결과의 조치,,,제14조제①항제2호,회원에 대한 징계의 종류 및 사유 등<개정 2021. 9. 14.>,제14조,①,2,0,회원의 6개월 이내의 회원자격의 전부 또는 일부의 정지
목,4,심리 또는 감리 결과의 조치,,,제14조제①항제2호가목,회원에 대한 징계의 종류 및 사유 등<개정 2021. 9. 14.>,제14조,①,2,가,가. 반복적으로 관련법규등의 위반을 하여 공정거래질서를 현저히 저해하거나 시장의 공신력을 크게 실추시키는 경우
목,4,심리 또는 감리 결과의 조치,,,제14조제①항제2호나목,회원에 대한 징계의 종류 및 사유 등<개정 2021. 9. 14.>,제14조,①,2,나,나. 규정 제21조제5호(이하 “심리·감리의 방해등”이라 한다)에 해당하는 행위를 하여 심리 또는 감리의 수행을 불가능하게 하는 경우
목,4,심리 또는 감리 결과의 조치,,,제14조제①항제2호다목,회원에 대한 징계의 종류 및 사유 등<개정 2021. 9. 14.>,제14조,①,2,다,다. 삭제<2011. 12. 26.>
목,4,심리 또는 감리 결과의 조치,,,제14조제①항제2호라목,회원에 대한 징계의 종류 및 사유 등<개정 2021. 9. 14.>,제14조,①,2,라,라. 삭제<2011. 12. 26.>
호,4,심리 또는 감리 결과의 조치,,,제14조제①항제3호,회원에 대한 징계의 종류 및 사유 등<개정 2021. 9. 14.>,제14조,①,3,0,"회원의 6개월 이내의 거래의 전부 또는 일부의 정지. 이 경우 거래의 일부의 정지는 위탁거래, 자기거래, 종목 또는 회원의 본점·지점 그 밖의 영업소 등으로 구분하여 조치할 수 있다."
목,4,심리 또는 감리 결과의 조치,,,제14조제①항제3호가목,회원에 대한 징계의 종류 및 사유 등<개정 2021. 9. 14.>,제14조,①,3,가,가. 관련법규등의 위반을 하여 상당히 공정거래질서를 저해하거나 시장의 공신력을 실추시키는 경우
목,4,심리 또는 감리 결과의 조치,,,제14조제①항제3호나목,회원에 대한 징계의 종류 및 사유 등<개정 2021. 9. 14.>,제14조,①,3,나,나. 심리·감리의 방해등을 하여 심리 또는 감리의 수행을 상당히 곤란하게 하는 경우
목,4,심리 또는 감리 결과의 조치,,,제14조제①항제3호다목,회원에 대한 징계의 종류 및 사유 등<개정 2021. 9. 14.>,제14조,①,3,다,다. 삭제<2011. 12. 26.>
목,4,심리 또는 감리 결과의 조치,,,제14조제①항제3호라목,회원에 대한 징계의 종류 및 사유 등<개정 2021. 9. 14.>,제14조,①,3,라,라. 삭제<2011. 12. 26.>
호,4,심리 또는 감리 결과의 조치,,,제14조제①항제4호,회원에 대한 징계의 종류 및 사유 등<개정 2021. 9. 14.>,제14조,①,4,0,"10억원 이하 1,000만원 이상의 회원제재금의 부과"
목,4,심리 또는 감리 결과의 조치,,,제14조제①항제4호가목,회원에 대한 징계의 종류 및 사유 등<개정 2021. 9. 14.>,제14조,①,4,가,가. 관련법규등의 위반을 하여 공정거래질서를 저해하거나 시장의 공신력을 실추시키는 경우
목,4,심리 또는 감리 결과의 조치,,,제14조제①항제4호나목,회원에 대한 징계의 종류 및 사유 등<개정 2021. 9. 14.>,제14조,①,4,나,나. 규정 제21조제4호에 해당되는 경우(이하 “자료제출 등 협조의무 위반”이라 한다)로서 심리 또는 감리의 수행에 지장을 초래하는 경우
목,4,심리 또는 감리 결과의 조치,,,제14조제①항제4호다목,회원에 대한 징계의 종류 및 사유 등<개정 2021. 9. 14.>,제14조,①,4,다,다. 삭제<2011. 12. 26.>
목,4,심리 또는 감리 결과의 조치,,,제14조제①항제4호라목,회원에 대한 징계의 종류 및 사유 등<개정 2021. 9. 14.>,제14조,①,4,라,라. 삭제<2011. 12. 26.>
호,4,심리 또는 감리 결과의 조치,,,제14조제①항제5호,회원에 대한 징계의 종류 및 사유 등<개정 2021. 9. 14.>,제14조,①,5,0,경고
목,4,심리 또는 감리 결과의 조치,,,제14조제①항제5호가목,회원에 대한 징계의 종류 및 사유 등<개정 2021. 9. 14.>,제14조,①,5,가,가. 관련법규등의 위반을 하였으나 공정거래질서를 저해하거나 시장의 공신력을 실추시키는 정도가 경미한 경우
목,4,심리 또는 감리 결과의 조치,,,제14조제①항제5호나목,회원에 대한 징계의 종류 및 사유 등<개정 2021. 9. 14.>,제14조,①,5,나,나. 자료제출등 협조의무 위반을 하였으나 심리 또는 감리의 수행에 지장을 초래하는 정도가 경미한 경우
목,4,심리 또는 감리 결과의 조치,,,제14조제①항제5호다목,회원에 대한 징계의 종류 및 사유 등<개정 2021. 9. 14.>,제14조,①,5,다,다. 삭제<2011. 12. 26.>
목,4,심리 또는 감리 결과의 조치,,,제14조제①항제5호라목,회원에 대한 징계의 종류 및 사유 등<개정 2021. 9. 14.>,제14조,①,5,라,라. 삭제<2011. 12. 26.>
호,4,심리 또는 감리 결과의 조치,,,제14조제①항제6호,회원에 대한 징계의 종류 및 사유 등<개정 2021. 9. 14.>,제14조,①,6,0,주의
목,4,심리 또는 감리 결과의 조치,,,제14조제①항제6호가목,회원에 대한 징계의 종류 및 사유 등<개정 2021. 9. 14.>,제14조,①,6,가,가. 관련법규등의 위반을 하였으나 공정거래질서를 저해하거나 시장의 공신력을 실추시키는 정도가 매우 경미한 경우
목,4,심리 또는 감리 결과의 조치,,,제14조제①항제6호나목,회원에 대한 징계의 종류 및 사유 등<개정 2021. 9. 14.>,제14조,①,6,나,나. 자료제출등 협조의무 위반을 하였으나 심리 또는 감리의 수행에 지장을 초래하는 정도가 매우 경미한 경우
목,4,심리 또는 감리 결과의 조치,,,제14조제①항제6호다목,회원에 대한 징계의 종류 및 사유 등<개정 2021. 9. 14.>,제14조,①,6,다,다. 삭제<2013. 12. 30.>
항,4,심리 또는 감리 결과의 조치,,,제14조제②항,회원에 대한 징계의 종류 및 사유 등<개정 2021. 9. 14.>,제14조,②,0,0,② 규정 제22조제5항에 따라 제1항제4호의 회원제재금을 부과하는 경우(규정 제22조제3항에 따라 가산금을 부과하는 경우를 포함한다) 별지 제15호 서식에 따른다.<개정 2021. 9. 14.>
항,4,심리 또는 감리 결과의 조치,,,제14조제③항,회원에 대한 징계의 종류 및 사유 등<개정 2021. 9. 14.>,제14조,③,0,0,"③ 회원제재금의 부과의 세부기준, 과오납금의 환급 및 충당 등에 관한 세부사항은 별표 1과 같다.<개정 2021. 9. 14.>"
항,4,심리 또는 감리 결과의 조치,,,제14조제④항,회원에 대한 징계의 종류 및 사유 등<개정 2021. 9. 14.>,제14조,④,0,0,④ 삭제<2011. 12. 26.>
항,4,심리 또는 감리 결과의 조치,,,제14조제⑤항,회원에 대한 징계의 종류 및 사유 등<개정 2021. 9. 14.>,제14조,⑤,0,0,⑤ 삭제<2021. 9. 14.>
항,4,심리 또는 감리 결과의 조치,,,제15조제①항,회원에 대한 징계의 가중,제15조,①,0,0,① 규정 제22조제5항에 따라 회원에 대하여 규정 제22조제1항의 징계를 하는 때에 다음 각 호의 어느 하나에 해당하는 경우 징계를 한 단계 이내에서 가중할 수 있다. 이 경우 제15조의2제2항에 따라 회원의 수개의 행위 각각에 대해 징계를 하는 경우로서 해당 징계 각각에 대해 가중할 수 있는 경우에는 가장 중한 사항에 해당하는 하나의 징계만 가중한다.<개정 2024. 10. 15.>
호,4,심리 또는 감리 결과의 조치,,,제15조제①항제1호,회원에 대한 징계의 가중,제15조,①,1,0,"회원이 관련법규등의 위반 또는 심리·감리의 방해등을 하여 규정 제22조제1항제1호의2, 제1호의3 또는 제2호의 징계 중 어느 하나의 징계를 받은 후 1년 이내에 관련 임원·직원 또는 위탁자 등이 징계사유에 해당하는 동일 또는 유사한 행위를 반복하는 경우"
호,4,심리 또는 감리 결과의 조치,,,제15조제①항제2호,회원에 대한 징계의 가중,제15조,①,2,0,회원이 관련법규등의 위반 또는 자료제출등 협조의무 위반으로 경고·주의를 받은 후 1년 이내에 관련 임원·직원 또는 위탁자 등이 경고 또는 주의에 해당하는 동일 또는 유사한 행위를 반복하는 경우
호,4,심리 또는 감리 결과의 조치,,,제15조제①항제3호,회원에 대한 징계의 가중,제15조,①,3,0,회원이 최근 2년 이내에 심리 또는 감리결과에 따라 규정 제22조제1항제1호의2부터 제4호까지의 징계 중 어느 하나를 기준으로 하여 그 이상의 징계를 3회 이상 받게 되는 경우
호,4,심리 또는 감리 결과의 조치,,,제15조제①항제4호,회원에 대한 징계의 가중,제15조,①,4,0,회원이 제18조제2항에 따른 개선요구 또는 시정요구를 이행하지 아니하고 징계를 받은 후 2년 이내에 규정 제22조제1항제1호의2부터 제4호까지의 징계를 받게 되는 경우
항,4,심리 또는 감리 결과의 조치,,,제15조제②항,회원에 대한 징계의 가중,제15조,②,0,0,② 규정 제22조제5항에 따라 회원에 대하여 규정 제22조제1항의 징계를 하는 경우에는 내부통제 적정성을 고려하여 징계를 한 단계 이내에서 가중할 수 있다. 이 경우 제1항 각 호 외의 부분 후단을 준용한다.<개정 2024. 10. 15.>
항,4,심리 또는 감리 결과의 조치,,,제15조제③항,회원에 대한 징계의 가중,제15조,③,0,0,"③ 제1항제3호의 징계 횟수는 다음 각 호의 방법에 따라 산정한다.<개정 2024. 10. 15.,2025. 10. 2.>"
호,4,심리 또는 감리 결과의 조치,,,제15조제③항제1호,회원에 대한 징계의 가중,제15조,③,1,0,공매도 관련 규정 위반행위에 따른 징계 횟수와 그 외의 위반행위에 따른 징계 횟수를 구분하여 산정<신설 2025. 10. 2.>
호,4,심리 또는 감리 결과의 조치,,,제15조제③항제2호,회원에 대한 징계의 가중,제15조,③,2,0,제15조의2제1항에 따라 징계를 한 경우 징계 횟수는 수개의 위반유형 중 가장 중한 사항에 해당하는 징계 1회로 산정<신설 2025. 10. 2.>
호,4,심리 또는 감리 결과의 조치,,,제15조제③항제3호,회원에 대한 징계의 가중,제15조,③,3,0,"제15조의2제2항에 따라 회원의 수개의 행위 각각에 대해 징계를 하더라도 징계 횟수는 1회로 산정. 다만, 회원의 수개의 행위가 공매도 관련 규정 위반행위와 그 외의 위반행위로 구분되는 경우에는 징계 횟수는 각각 1회로 산정한다.<신설 2025. 10. 2.>"
항,4,심리 또는 감리 결과의 조치,,,제15조제④항,회원에 대한 징계의 가중,제15조,④,0,0,④ 삭제<2024. 10. 15.>
항,4,심리 또는 감리 결과의 조치,,,제15조제⑤항,회원에 대한 징계의 가중,제15조,⑤,0,0,⑤ 제1항에 따라 징계를 가중한 경우에는 제2항에 따른 가중을 하지 않는다.<개정 2024. 10. 15.> [전문개정 2021. 9. 14.]
항,4,심리 또는 감리 결과의 조치,,,제15조의2제①항,회원의 수개의 위반행위에 대한 징계,제15조의2,①,0,0,① 규정 제22조제5항에 따라 회원의 하나의 행위가 수개의 위반유형에 해당하는 경우에는 각각에 대한 징계 중 가장 중한 사항에 해당하는 징계를 할 수 있다.
항,4,심리 또는 감리 결과의 조치,,,제15조의2제②항,회원의 수개의 위반행위에 대한 징계,제15조의2,②,0,0,② 회원의 수개의 행위가 수개의 위반유형 또는 위반행위에 해당하는 경우에는 각각에 대해 징계할 수 있다.
항,4,심리 또는 감리 결과의 조치,,,제15조의2제③항,회원의 수개의 위반행위에 대한 징계,제15조의2,③,0,0,③ 회원의 수개의 위반행위에 대한 징계방법 등에 관한 세부적인 사항은 위원장이 따로 정한다. [본조신설 2024. 10. 15.]
항,4,심리 또는 감리 결과의 조치,,,제16조제①항,회원에 대한 징계의 감경,제16조,①,0,0,① 규정 제22조제5항에 따라 회원에 대하여 규정 제22조제1항의 징계를 하는 때에 최근 2년 이내에 위원회가 정하는 절차에 따라 우수 컴플라이언스 회원으로 선정된 회원의 경우에는 한 단계 이내에서 감경할 수 있다.
항,4,심리 또는 감리 결과의 조치,,,제16조제②항,회원에 대한 징계의 감경,제16조,②,0,0,② 규정 제22조제5항에 따라 회원에 대하여 규정 제22조제1항의 징계를 하는 경우에는 내부통제 적정성을 고려하여 한 단계 이내에서 감경할 수 있다.
항,4,심리 또는 감리 결과의 조치,,,제16조제③항,회원에 대한 징계의 감경,제16조,③,0,0,"③ 규정 제22조제5항에 따라 회원에 대하여 규정 제22조제1항의 징계를 하는 경우에는 위원회가 위법·위규행위를 인지하기 전에 회원 또는 회원의 임직원 등이 전화, 이메일, 팩스 또는 별지 제20호 서식의 신고서 제출 등의 방법으로 해당 행위를 자진신고한 경우에는 한 단계 이내에서 감경할 수 있다.<신설 2023. 6. 7.>"
항,4,심리 또는 감리 결과의 조치,,,제16조제④항,회원에 대한 징계의 감경,제16조,④,0,0,④ 제1항 및 제2항에 따른 징계의 감경은 중복하여 적용하지 아니한다. [전문개정 2021. 9. 14.]
조,4,심리 또는 감리 결과의 조치,,,제17조,회원에 대한 징계의 가중·감경방법,제17조,0,0,0,규정 제22조제5항에 따라 제15조 또는 제16조에 따른 가중 또는 감경을 하는 경우에는 다음 각 호의 방법에 따른다.
호,4,심리 또는 감리 결과의 조치,,,제17조제1호,회원에 대한 징계의 가중·감경방법,제17조,0,1,0,"규정 제22조제1항제1호의2·제1호의3의 징계에 대한 가중 또는 감경은 각 징계종류별 범위 이내에서 한다. 다만, 징계종류별 범위의 상·하한에 대한 가중 또는 감경은 규정 제22조제1항 각 호에서 정하는 징계의 종류를 한 단계 가중 또는 감경한다."
호,4,심리 또는 감리 결과의 조치,,,제17조제2호,회원에 대한 징계의 가중·감경방법,제17조,0,2,0,규정 제22조제1항제2호의 징계에 대한 가중 또는 감경에 관한 사항은 별표 1과 같다.
호,4,심리 또는 감리 결과의 조치,,,제17조제3호,회원에 대한 징계의 가중·감경방법,제17조,0,3,0,규정 제22조제1항제1호·제3호 및 제4호의 징계에 대한 가중 또는 감경은 규정 제22조제1항 각 호에서 정하는 징계의 종류를 한 단계 가중 또는 감경한다.
호,4,심리 또는 감리 결과의 조치,,,제17조제4호,회원에 대한 징계의 가중·감경방법,제17조,0,4,0,제3호에도 불구하고 규정 제22조제1항제1호의 징계에 대한 가중 또는 규정 제22조제1항제4호의 징계에 대한 감경은 하지 아니한다. [전문개정 2021. 9. 14.]
항,4,심리 또는 감리 결과의 조치,,,제18조제①항,회원에 대한 조치요구의 종류 및 사유 등,제18조,①,0,0,① 규정 제22조제5항에 따른 회원에 대한 조치요구의 종류 및 사유는 다음 각 호와 같다.
호,4,심리 또는 감리 결과의 조치,,,제18조제①항제1호,회원에 대한 조치요구의 종류 및 사유 등,제18조,①,1,0,개선요구 회원 및 그 임원·직원의 업무처리가 위법·위규하거나 불합리하여 회원의 내부통제시스템 등 업무개선이 요구되는 경우
호,4,심리 또는 감리 결과의 조치,,,제18조제①항제2호,회원에 대한 조치요구의 종류 및 사유 등,제18조,①,2,0,시정요구 회원 및 그 임원·직원이 위법·위규 또는 부당하게 처리한 업무를 원상회복이나 그 이후 정상화시킬 필요가 있다고 인정하는 경우
호,4,심리 또는 감리 결과의 조치,,,제18조제①항제3호,회원에 대한 조치요구의 종류 및 사유 등,제18조,①,3,0,주의촉구 제1호 또는 제2호에 따른 조치를 하는 것이 부적절하거나 위규행위의 재발방지를 위하여 회원에 대한 주의환기가 필요하다고 인정되는 경우
호,4,심리 또는 감리 결과의 조치,,,제18조제①항제4호,회원에 대한 조치요구의 종류 및 사유 등,제18조,①,4,0,이행확약서 징구 규정제22조에 따른 위원회의 조치에 대하여 이행을 사전적으로 담보할 필요가 있다고 인정되는 경우
항,4,심리 또는 감리 결과의 조치,,,제18조제②항,회원에 대한 조치요구의 종류 및 사유 등,제18조,②,0,0,② 위원회는 규정 제22조제1항제1호의2부터 제4호까지의 징계를 하는 경우에는 같은 조 제4항에 따른 개선요구 또는 시정요구를 병과할 수 있다. [전문개정 2021. 9. 14.]
항,4,심리 또는 감리 결과의 조치,,,제19조제①항,회원에 대한 임직원의 징계요구의 종류 및 사유,제19조,①,0,0,① 규정 제23조제2항에 따른 회원의 임원에 대한 징계요구의 종류 및 사유는 다음 각 호와 같다.
호,4,심리 또는 감리 결과의 조치,,,제19조제①항제1호,회원에 대한 임직원의 징계요구의 종류 및 사유,제19조,①,1,0,해임의 요구
목,4,심리 또는 감리 결과의 조치,,,제19조제①항제1호가목,회원에 대한 임직원의 징계요구의 종류 및 사유,제19조,①,1,가,가. 고의 또는 중대한 과실로 위법·위규 또는 부당한 행위에 대한 감독을 게을리 하거나 동 행위를 직접 하거나 지시하여 공정거래질서를 현저히 저해하거나 시장의 공신력을 크게 실추시키는 경우
목,4,심리 또는 감리 결과의 조치,,,제19조제①항제1호나목,회원에 대한 임직원의 징계요구의 종류 및 사유,제19조,①,1,나,나. 고의 또는 중대한 과실로 심리 또는 감리의 방해등에 대한 감독을 게을리 하거나 동 행위를 직접 하거나 지시하여 심리 또는 감리의 수행을 불가능하게 하거나 상당히 곤란하게 하는 경우
호,4,심리 또는 감리 결과의 조치,,,제19조제①항제2호,회원에 대한 임직원의 징계요구의 종류 및 사유,제19조,①,2,0,직무정지의 요구
목,4,심리 또는 감리 결과의 조치,,,제19조제①항제2호가목,회원에 대한 임직원의 징계요구의 종류 및 사유,제19조,①,2,가,가. 고의 또는 중대한 과실로 위법·위규 또는 부당한 행위에 대한 감독을 게을리 하거나 동 행위를 직접 하거나 지시하여 공정거래질서를 저해하거나 시장의 공신력을 실추시키는 경우
목,4,심리 또는 감리 결과의 조치,,,제19조제①항제2호나목,회원에 대한 임직원의 징계요구의 종류 및 사유,제19조,①,2,나,나. 고의 또는 중대한 과실로 자료제출등 협조의무 위반에 대한 감독을 게을리 하거나 동 행위를 직접 하거나 지시하여 심리 또는 감리의 수행에 지장을 초래하는 경우
호,4,심리 또는 감리 결과의 조치,,,제19조제①항제3호,회원에 대한 임직원의 징계요구의 종류 및 사유,제19조,①,3,0,경고의 요구
목,4,심리 또는 감리 결과의 조치,,,제19조제①항제3호가목,회원에 대한 임직원의 징계요구의 종류 및 사유,제19조,①,3,가,가. 위법·위규 또는 부당한 행위에 대한 감독을 게을리 하거나 동 행위를 직접 하거나 지시하였으나 공정거래질서를 저해하거나 시장의 공신력을 실추시키는 정도가 경미한 경우
목,4,심리 또는 감리 결과의 조치,,,제19조제①항제3호나목,회원에 대한 임직원의 징계요구의 종류 및 사유,제19조,①,3,나,나. 자료제출등 협조의무 위반에 대한 감독을 게을리 하거나 동 행위을 직접 하거나 지시하였으나 심리 또는 감리의 수행에 지장을 초래하는 정도가 경미한 경우
목,4,심리 또는 감리 결과의 조치,,,제19조제①항제3호다목,회원에 대한 임직원의 징계요구의 종류 및 사유,제19조,①,3,다,다. 위법·위규 또는 부당한 행위와 관련하여 선량한 관리자로서의 주의의무를 위반한 경우
호,4,심리 또는 감리 결과의 조치,,,제19조제①항제4호,회원에 대한 임직원의 징계요구의 종류 및 사유,제19조,①,4,0,주의의 요구 제3호 각 목의 어느 하나에 해당되나 그 밖의 참작 사유가 있는 경우
항,4,심리 또는 감리 결과의 조치,,,제19조제②항,회원에 대한 임직원의 징계요구의 종류 및 사유,제19조,②,0,0,② 규정 제23조제2항에 따른 회원의 직원에 대한 징계요구의 종류 및 사유는 다음 각 호와 같다.
호,4,심리 또는 감리 결과의 조치,,,제19조제②항제1호,회원에 대한 임직원의 징계요구의 종류 및 사유,제19조,②,1,0,면직의 요구
목,4,심리 또는 감리 결과의 조치,,,제19조제②항제1호가목,회원에 대한 임직원의 징계요구의 종류 및 사유,제19조,②,1,가,가. 고의 또는 중대한 과실로 위법·위규 또는 부당한 행위(감독을 게을리 하거나 지시한 경우 등을 포함한다. 이하 이항에서 같다)를 하여 공정거래질서를 현저히 저해하거나 시장의 공신력을 크게 실추시키는 경우
목,4,심리 또는 감리 결과의 조치,,,제19조제②항제1호나목,회원에 대한 임직원의 징계요구의 종류 및 사유,제19조,②,1,나,나. 고의 또는 중대한 과실로 규정 제21조제5호에 해당되는 행위(이하 “심리·감리의 방해등”이라 한다)를 하여 심리 또는 감리의 수행을 불가능하게 하거나 상당히 곤란하게 하는 경우
호,4,심리 또는 감리 결과의 조치,,,제19조제②항제2호,회원에 대한 임직원의 징계요구의 종류 및 사유,제19조,②,2,0,정직의 요구 제1호 각 목의 어느 하나에 해당되나 그 밖의 참작 사유가 있는 경우
호,4,심리 또는 감리 결과의 조치,,,제19조제②항제3호,회원에 대한 임직원의 징계요구의 종류 및 사유,제19조,②,3,0,감봉의 요구
목,4,심리 또는 감리 결과의 조치,,,제19조제②항제3호가목,회원에 대한 임직원의 징계요구의 종류 및 사유,제19조,②,3,가,가. 고의 또는 중대한 과실로 위법·위규 또는 부당한 행위를 하여 공정거래질서를 저해하거나 시장의 공신력을 실추시키는 경우
목,4,심리 또는 감리 결과의 조치,,,제19조제②항제3호나목,회원에 대한 임직원의 징계요구의 종류 및 사유,제19조,②,3,나,나. 고의 또는 중대한 과실로 자료제출등 협조의무 위반을 하여 심리 또는 감리의 수행에 지장을 초래하는 경우
호,4,심리 또는 감리 결과의 조치,,,제19조제②항제4호,회원에 대한 임직원의 징계요구의 종류 및 사유,제19조,②,4,0,견책의 요구 제3호 각 목의 어느 하나에 해당되나 그 밖의 참작 사유가 있는 경우
호,4,심리 또는 감리 결과의 조치,,,제19조제②항제5호,회원에 대한 임직원의 징계요구의 종류 및 사유,제19조,②,5,0,경고의 요구
목,4,심리 또는 감리 결과의 조치,,,제19조제②항제5호가목,회원에 대한 임직원의 징계요구의 종류 및 사유,제19조,②,5,가,가. 위법·위규 또는 부당한 행위를 하여 공정거래질서를 저해하거나 시장의 공신력을 실추시키는 정도가 경미한 경우
목,4,심리 또는 감리 결과의 조치,,,제19조제②항제5호나목,회원에 대한 임직원의 징계요구의 종류 및 사유,제19조,②,5,나,나. 자료제출등 협조의무 위반을 하여 심리 또는 감리의 수행에 지장을 초래하는 정도가 경미한 경우
목,4,심리 또는 감리 결과의 조치,,,제19조제②항제5호다목,회원에 대한 임직원의 징계요구의 종류 및 사유,제19조,②,5,다,다. 위법·위규 또는 부당한 행위와 관련하여 선량한 관리자로서의 주의의무를 위반한 경우
호,4,심리 또는 감리 결과의 조치,,,제19조제②항제6호,회원에 대한 임직원의 징계요구의 종류 및 사유,제19조,②,6,0,주의의 요구 제5호 각 목의 어느 하나에 해당되나 그 밖의 참작 사유가 있는 경우
항,4,심리 또는 감리 결과의 조치,,,제19조제③항,회원에 대한 임직원의 징계요구의 종류 및 사유,제19조,③,0,0,"③ 제25조제1항에 따라 위원회가 징계요구 결정내용을 해당 회원에게 통보하는 때에는 제1항 또는 제2항 각 호에서 정한 징계요구의 종류 이상으로 징계요구를 기재하여 통보한다. 다만, 제1항제1호나 제2항제1호에 따른 징계요구 결정내용을 통보할 때에는 해당 각 호에서 정한 징계요구 종류를 기재한다. [전문개정 2021. 9. 14.]"
조,4,심리 또는 감리 결과의 조치,,,제20조,임직원에 대한 징계요구의 가중,제20조,0,0,0,"규정 제23조제2항에 따라 회원의 임원에 대하여 규정 제23조제1항제1호의 징계요구를 하거나, 직원에 대하여 규정 제23조제1항제2호의 징계요구를 하는 때에 다음 각 호의 어느 하나에 해당하는 경우에는 징계요구를 한 단계 이내에서 가중할 수 있다."
호,4,심리 또는 감리 결과의 조치,,,제20조제1호,임직원에 대한 징계요구의 가중,제20조,0,1,0,해당 임원이나 직원이 회원의 관련법규등의 위반 또는 심리·감리의 방해등과 관련하여 규정 제23조제1항제1호 또는 같은 항 제2호의 어느 하나에 해당하는 징계요구를 받은 후 2년 이내에 동일 또는 유사한 행위로 징계요구를 받는 경우
호,4,심리 또는 감리 결과의 조치,,,제20조제2호,임직원에 대한 징계요구의 가중,제20조,0,2,0,해당 임원이나 직원이 회원의 관련법규등의 위반 또는 심리·감리의 방해등과 관련하여 최근 2년 이내에 규정 제23조제1항제1호 또는 같은 항 제2호의 징계요구 중 어느 하나를 기준으로 하여 그 이상의 징계를 3회 이상 받게 되는 경우 [전문개정 2021. 9. 14.]
항,4,심리 또는 감리 결과의 조치,,,제21조제①항,임직원에 대한 징계요구의 감경,제21조,①,0,0,"① 규정 제23조제2항에 따라 회원의 임원에 대하여 규정 제23조제1항제1호의 징계요구를 하거나, 직원에 대하여 규정 제23조제1항제2호의 징계요구를 하는 때에 다음 각 호의 어느 하나에 해당하는 공적이 있는 경우에는 징계요구를 한 단계 이내에서 감경할 수 있다."
호,4,심리 또는 감리 결과의 조치,,,제21조제①항제1호,임직원에 대한 징계요구의 감경,제21조,①,1,0,「상훈법」에 따라 훈장 또는 포장을 받은 경우
호,4,심리 또는 감리 결과의 조치,,,제21조제①항제2호,임직원에 대한 징계요구의 감경,제21조,①,2,0,「정부표창규정」에 따라 장관 이상의 표창을 받은 경우
호,4,심리 또는 감리 결과의 조치,,,제21조제①항제3호,임직원에 대한 징계요구의 감경,제21조,①,3,0,"금융위원회 위원장, 금융감독원장, 거래소 이사장 또는 위원장의 표창을 받은 경우"
항,4,심리 또는 감리 결과의 조치,,,제21조제②항,임직원에 대한 징계요구의 감경,제21조,②,0,0,"② 규정 제23조제2항에 따라 회원의 임원에 대하여 규정 제23조제1항제1호의 징계요구를 하거나, 직원에 대하여 규정 제23조제1항제2호의 징계요구를 하는 때에 다음 각 호의 어느 하나에 해당하는 자는 징계요구를 감경하거나 면제할 수 있다."
호,4,심리 또는 감리 결과의 조치,,,제21조제②항제1호,임직원에 대한 징계요구의 감경,제21조,②,1,0,위법·위규 또는 부당행위를 위원회가 인지하기 전에 자진신고한 자
호,4,심리 또는 감리 결과의 조치,,,제21조제②항제2호,임직원에 대한 징계요구의 감경,제21조,②,2,0,위법·위규 또는 부당행위를 소속 부서 또는 영업점에서 발견하여 이를 위원회에 보고한 감독자
호,4,심리 또는 감리 결과의 조치,,,제21조제②항제3호,임직원에 대한 징계요구의 감경,제21조,②,3,0,위원회가 인지하기 전에 위법·위규 또는 부당행위를 스스로 시정한 자
항,4,심리 또는 감리 결과의 조치,,,제21조제③항,임직원에 대한 징계요구의 감경,제21조,③,0,0,③ 규정 제23조제2항에 따라 회원에게 관련 임직원의 징계를 요구하는 경우 행위자의 의사결정 또는 행위를 보조하는 자 및 행위자의 업무처리를 감독하는 자에 대하여는 다음 각 호의 사항을 고려하여 행위자에 대한 징계요구보다 한 단계 이상 감경할 수 있다.
호,4,심리 또는 감리 결과의 조치,,,제21조제③항제1호,임직원에 대한 징계요구의 감경,제21조,③,1,0,위법·위규 또는 부당한 행위의 성격과 규모
호,4,심리 또는 감리 결과의 조치,,,제21조제③항제2호,임직원에 대한 징계요구의 감경,제21조,③,2,0,감독자의 직무와 감독대상 직무와의 관련성 및 관여 정도
호,4,심리 또는 감리 결과의 조치,,,제21조제③항제3호,임직원에 대한 징계요구의 감경,제21조,③,3,0,보조자의 위법·위규 또는 부당한 행위에의 기여도
항,4,심리 또는 감리 결과의 조치,,,제21조제④항,임직원에 대한 징계요구의 감경,제21조,④,0,0,④ 제1항에 따라 징계요구의 종류 및 내용을 감경함에 있어서 다음 각 호의 공적은 제외한다.
호,4,심리 또는 감리 결과의 조치,,,제21조제④항제1호,임직원에 대한 징계요구의 감경,제21조,④,1,0,해당 직원이 징계요구를 받은 사실이 있는 경우 그 이전의 공적
호,4,심리 또는 감리 결과의 조치,,,제21조제④항제2호,임직원에 대한 징계요구의 감경,제21조,④,2,0,징계요구 대상 직원이 소속 회원 입사 전에 받은 공적
항,4,심리 또는 감리 결과의 조치,,,제21조제⑤항,임직원에 대한 징계요구의 감경,제21조,⑤,0,0,⑤ 제1항부터 제3항까지에 따른 감경이나 면제는 중복하여 적용하지 아니한다. [본조신설 2021. 9. 14.]
조,4,심리 또는 감리 결과의 조치,,,제21조의2,의견진술의 방법 등,제21조의2,0,0,0,규정 제26조의2제1항의 규정에 의한 서면에 의한 의견진술은 별지 제15-2호 서식에 의한다. [본조신설 2006. 11. 30.]
조,4,심리 또는 감리 결과의 조치,,,제22조,임직원에 대한 징계요구의 가중·감경방법,제22조,0,0,0,제20조 또는 제21조에 따라 가중 또는 감경하는 경우 다음 각 호의 방법에 따른다.
호,4,심리 또는 감리 결과의 조치,,,제22조제1호,임직원에 대한 징계요구의 가중·감경방법,제22조,0,1,0,규정 제23조제1항 각 호의 징계에 대한 가중 또는 감경할 때에는 제19조제1항 각 호 또는 제19조제2항 각 호에서 정하는 징계요구의 종류를 한 단계 가중 또는 감경한다.
호,4,심리 또는 감리 결과의 조치,,,제22조제2호,임직원에 대한 징계요구의 가중·감경방법,제22조,0,2,0,제1호에도 불구하고 제19조제1항제1호 및 제19조제2항제1호의 징계요구에 대한 가중 또는 제19조제1항제4호 및 제19조제2항제6호의 징계요구에 대한 감경은 하지 아니한다. [본조신설 2021. 9. 14.]
항,4,심리 또는 감리 결과의 조치,,,제23조제①항,회원의 자율조치,제23조,①,0,0,① 규정 제23조제2항에 따라 위원회는 회원의 직원[이사·감사와 사실상 동등한 지위에 있는 미등기임원 또는 집행임원 등(이하 이 조에서 “집행임원 등”이라 한다)을 제외한다. 이하 이 조에서 같다]이 제19조제2항제5호·제6호의 징계요구 종류에 해당하는 경우에는 회원이 자율적으로 해당 직원에 대한 징계를 결정하여 조치(이하 “회원자율조치”라 한다)하도록 통보할 수 있다.
항,4,심리 또는 감리 결과의 조치,,,제23조제②항,회원의 자율조치,제23조,②,0,0,② 제1항에도 불구하고 위원회는 다음 각 호의 어느 하나에 해당하는 경우에는 회원에 대하여 규정 제23조제1항에 따라 해당 직원에 대한 징계의 종류를 지정하여 징계요구를 하여야 한다.
호,4,심리 또는 감리 결과의 조치,,,제23조제②항제1호,회원의 자율조치,제23조,②,1,0,회원의 직원이 위법·위규 또는 부당한 행위를 한 행위자이거나 해당 행위를 지시 또는 종용한 지시자인 경우로서 위원회가 관련자인 이사·감사 또는 집행임원 등에 대한 징계요구를 하는 경우
호,4,심리 또는 감리 결과의 조치,,,제23조제②항제2호,회원의 자율조치,제23조,②,2,0,회원의 내부통제체제가 취약하거나 최근 2년 이내에 회원자율조치로 통보한 사항에 대하여 부적정하게 처리하는 등 자율적인 제재가 곤란할 것으로 판단되는 경우 [본조신설 2021. 9. 14.]
항,4,심리 또는 감리 결과의 조치,,,제24조제①항,징계 및 징계요구의 공표,제24조,①,0,0,① 규정 제24조제3항에 따라 위원회는 다음 각 호의 사항을 공표할 수 있다.
호,4,심리 또는 감리 결과의 조치,,,제24조제①항제1호,징계 및 징계요구의 공표,제24조,①,1,0,징계 및 징계요구의 결의일자
호,4,심리 또는 감리 결과의 조치,,,제24조제①항제2호,징계 및 징계요구의 공표,제24조,①,2,0,관련회원 및 그 임원·직원
호,4,심리 또는 감리 결과의 조치,,,제24조제①항제3호,징계 및 징계요구의 공표,제24조,①,3,0,위반행위의 주요내용
호,4,심리 또는 감리 결과의 조치,,,제24조제①항제4호,징계 및 징계요구의 공표,제24조,①,4,0,징계 및 징계요구의 종류와 내용
항,4,심리 또는 감리 결과의 조치,,,제24조제②항,징계 및 징계요구의 공표,제24조,②,0,0,"② 위원회는 규정 제27조제1항에 따른 이의신청 또는 규정 제27조의2에 따른 직권재심을 한 결과, 징계의 종류 또는 내용이 변경된 때에는 그 사실을 변경 결정을 한 날에 다시 공표할 수 있다."
항,4,심리 또는 감리 결과의 조치,,,제24조제③항,징계 및 징계요구의 공표,제24조,③,0,0,③ 제1항에 따라 공표하는 경우 관련 임원·직원의 실명은 공표하지 아니할 수 있다.
항,4,심리 또는 감리 결과의 조치,,,제24조제④항,징계 및 징계요구의 공표,제24조,④,0,0,"④ 위원회는 불공정거래 예방 및 투자자보호의 필요성, 회원이 위규행위 등 방지를 위하여 노력한 정도 등을 종합적으로 고려하여 징계 또는 징계요구 사항의 공표방법을 달리 정할 수 있다. [본조신설 2021. 9. 14.]"
항,4,심리 또는 감리 결과의 조치,,,제25조제①항,징계등의 처리결과 보고,제25조,①,0,0,"① 위원회는 규정 제22조제5항, 규정 제23조제2항 또는 제23조에 따른 징계, 징계요구 또는 회원자율조치의 결정 내용을 해당 회원에게 통보하여야 한다."
항,4,심리 또는 감리 결과의 조치,,,제25조제②항,징계등의 처리결과 보고,제25조,②,0,0,"② 위원회는 제1항의 결정과 관련하여 회원의 퇴임한 임원 또는 퇴직한 직원이 재임 또는 재직 중이었다면 받았을 것으로 인정되는 징계요구 또는 회원자율조치의 결정 내용을 회원에게 통보할 수 있다. 이 경우 회원은 그 내용을 해당 임원 또는 직원에게 통지하고, 통보 받은 날부터 3개월 이내에 위원회에 통지여부 및 징계여부 등을 보고하여야 한다."
항,4,심리 또는 감리 결과의 조치,,,제25조제③항,징계등의 처리결과 보고,제25조,③,0,0,"③ 제1항에 따른 징계, 징계요구 또는 회원자율조치를 통보 받거나 규정 제22조제4항에 따라 개선요구 또는 시정요구를 통보 받은 회원은 특별한 사유가 없는 경우 통보를 받은 날부터 다음 각 호의 기간 이내에 필요한 조치를 이행하고 그 결과를 지체 없이 위원회에 보고하여야 한다. 다만 개선요구 또는 시정요구 사항을 제4호의 기간 이내에 이행할 수 없는 경우에는 이행확약서를 제출하여야 한다."
호,4,심리 또는 감리 결과의 조치,,,제25조제③항제1호,징계등의 처리결과 보고,제25조,③,1,0,회원제재금의 부과: 1개월
호,4,심리 또는 감리 결과의 조치,,,제25조제③항제2호,징계등의 처리결과 보고,제25조,③,2,0,"회원의 임원·직원에 대한 징계요구, 회원자율조치: 2개월"
호,4,심리 또는 감리 결과의 조치,,,제25조제③항제3호,징계등의 처리결과 보고,제25조,③,3,0,"퇴임한 임원 또는 퇴직한 직원에 대한 징계요구, 회원자율조치: 3개월"
호,4,심리 또는 감리 결과의 조치,,,제25조제③항제4호,징계등의 처리결과 보고,제25조,③,4,0,"개선요구, 시정요구: 2개월"
항,4,심리 또는 감리 결과의 조치,,,제25조제④항,징계등의 처리결과 보고,제25조,④,0,0,④ 위원회는 제3항에 따라 회원이 보고한 개선요구 또는 시정요구 처리결과를 점검하여 그 조치의 내용이나 개선 또는 시정에 관한 이행이 미흡하다고 판단되는 경우에는 회원에게 일정한 기한을 정하여 적절한 처리를 하도록 요구할 수 있다. 이 경우 회원은 위원회가 요구한 사항에 대한 처리결과를 기한 내에 위원회에 보고하여야 한다. [본조신설 2021. 9. 14.]
항,4,심리 또는 감리 결과의 조치,,,제26조제①항,징계 처리결과 조회에 대한 회신,제26조,①,0,0,① 회원은 선임·채용예정자와 관련하여 제25조제3항에 따라 회원이 보고한 조치 결과를 위원회에 조회할 수 있다. 이 경우 회원은 별지 제15-5호 서식에 따른 징계내역 확인 요청서 및 별지 제15-6호 서식에 따른 선임·채용예정자의 개인정보 제공 동의서를 위원회에 제출하여야 한다.
항,4,심리 또는 감리 결과의 조치,,,제26조제②항,징계 처리결과 조회에 대한 회신,제26조,②,0,0,② 위원회는 제1항에 따른 조회요청에 대하여 별지 제15-7호 서식에 따른 징계내역 통보서를 회원에게 지체 없이 통보하여야 한다. [본조신설 2021. 9. 14.]
항,4,심리 또는 감리 결과의 조치,,,제27조제①항,규율위원회의 운영,제27조,①,0,0,① 규율위원회의 운영과 관련하여 규정 제25조 및「심의·자문위원회 설치 및 운영규정」에서 특별히 규정하는 경우를 제외하고는 이 조에서 정하는 바에 따른다.<개정 2023. 8. 30.>
항,4,심리 또는 감리 결과의 조치,,,제27조제②항,규율위원회의 운영,제27조,②,0,0,② 삭제<2023. 8. 30.>
항,4,심리 또는 감리 결과의 조치,,,제27조제③항,규율위원회의 운영,제27조,③,0,0,③ 삭제<2023. 8. 30.>
항,4,심리 또는 감리 결과의 조치,,,제27조제④항,규율위원회의 운영,제27조,④,0,0,④ 삭제<2023. 8. 30.>
항,4,심리 또는 감리 결과의 조치,,,제27조제⑤항,규율위원회의 운영,제27조,⑤,0,0,⑤ 삭제<2023. 8. 30.>
항,4,심리 또는 감리 결과의 조치,,,제27조제⑥항,규율위원회의 운영,제27조,⑥,0,0,⑥ 규율위원회의 의장이 부재중이거나 부득이한 사유로 직무를 수행할 수 없을 때에는 위원 중에서 의장이 미리 지정한 자로 하여금 그 직무를 대행하게 할 수 있다.
항,4,심리 또는 감리 결과의 조치,,,제27조제⑦항,규율위원회의 운영,제27조,⑦,0,0,"⑦ 규율위원회를 소집하고자 하는 때에는 회의일시, 장소 및 목적사항 등을 기재한 서면을 회의개최 3일전까지 각 위원에게 통지하여야 한다. 다만 의장이 긴급히 소집할 필요가 있다고 인정하는 경우에는 그러하지 아니하다."
항,4,심리 또는 감리 결과의 조치,,,제27조제⑧항,규율위원회의 운영,제27조,⑧,0,0,⑧ 삭제<2023. 8. 30.>
항,4,심리 또는 감리 결과의 조치,,,제27조제⑨항,규율위원회의 운영,제27조,⑨,0,0,⑨ 위원장은 규율위원회의 심의와 관련한 제도의 개선 등에 관하여 규율위원회에 의견을 요청할 수 있다.
항,4,심리 또는 감리 결과의 조치,,,제27조제⑩항,규율위원회의 운영,제27조,⑩,0,0,⑩ 규율위원회의 간사는 시장감시본부 담당부서장으로 한다.<개정 2023. 8. 30.>
항,4,심리 또는 감리 결과의 조치,,,제27조제⑪항,규율위원회의 운영,제27조,⑪,0,0,"⑪ 규율위원회 사전통지에 관하여는 규정 제26조를 준용하고, 규율위원회에서의 의견진술에 관하여는 규정 제26조의2를 준용한다. 다만, 규정 제26조제1항에 따른 통지를 하면서 규율위원회에서의 의견진술 일시 및 장소를 함께 통지한 경우에는 규정 제26조를 준용하지 아니한다.<개정 2023. 4. 11.>"
항,4,심리 또는 감리 결과의 조치,,,제27조제⑫항,규율위원회의 운영,제27조,⑫,0,0,⑫ 삭제<2023. 8. 30.>
항,4,심리 또는 감리 결과의 조치,,,제27조제⑬항,규율위원회의 운영,제27조,⑬,0,0,⑬ 삭제<2023. 8. 30.>
항,4,심리 또는 감리 결과의 조치,,,제27조제⑭항,규율위원회의 운영,제27조,⑭,0,0,"⑭ 규율위원회 위원이 다음 각 호의 어느 하나에 해당하는 경우 위원회는 해당 위원을 해촉한다.<신설 2011. 7. 7., 2020. 3. 18., 2023. 8. 30.>"
호,4,심리 또는 감리 결과의 조치,,,제27조제⑭항제1호,규율위원회의 운영,제27조,⑭,1,0,삭제<2023. 8. 30.>
호,4,심리 또는 감리 결과의 조치,,,제27조제⑭항제2호,규율위원회의 운영,제27조,⑭,2,0,위원이 된 후에 규정 제25조제2항 각 호의 자격을 상실한 경우
호,4,심리 또는 감리 결과의 조치,,,제27조제⑭항제3호,규율위원회의 운영,제27조,⑭,3,0,삭제<2023. 8. 30.>
호,4,심리 또는 감리 결과의 조치,,,제27조제⑭항제4호,규율위원회의 운영,제27조,⑭,4,0,삭제<2023. 8. 30.>
항,4,심리 또는 감리 결과의 조치,,,제28조제①항,이의신청의 방법 및 처리<개정 2006. 11. 30.>,제28조,①,0,0,"① 규정 제27조제4항의 규정에 의하여 징계등의 조치를 받은 자가 이의신청을 하는 경우에는 다음 각 호의 사항을 기재한 신청서와 증빙서류 등을 첨부하여 위원회에 제출하여야 한다.<개정 2006. 11. 30., 2009. 2. 3.>"
호,4,심리 또는 감리 결과의 조치,,,제28조제①항제1호,이의신청의 방법 및 처리<개정 2006. 11. 30.>,제28조,①,1,0,이의신청인
호,4,심리 또는 감리 결과의 조치,,,제28조제①항제2호,이의신청의 방법 및 처리<개정 2006. 11. 30.>,제28조,①,2,0,징계등의 요지
호,4,심리 또는 감리 결과의 조치,,,제28조제①항제3호,이의신청의 방법 및 처리<개정 2006. 11. 30.>,제28조,①,3,0,이의신청사유
항,4,심리 또는 감리 결과의 조치,,,제28조제②항,이의신청의 방법 및 처리<개정 2006. 11. 30.>,제28조,②,0,0,② 삭제<2011. 2. 11.>
항,4,심리 또는 감리 결과의 조치,,,제28조제③항,이의신청의 방법 및 처리<개정 2006. 11. 30.>,제28조,③,0,0,"③ 위원회는 이의신청을 한 자가 다음 각 호의 어느 하나에 해당하는 경우에는 이를 각하할 수 있다.<신설 2007. 8. 27., 2011. 2. 11.>"
호,4,심리 또는 감리 결과의 조치,,,제28조제③항제1호,이의신청의 방법 및 처리<개정 2006. 11. 30.>,제28조,③,1,0,제1항의 규정에 따른 신청서가 같은 항의 각 호에서 정하는 요건에 충족되지 아니한 경우
호,4,심리 또는 감리 결과의 조치,,,제28조제③항제2호,이의신청의 방법 및 처리<개정 2006. 11. 30.>,제28조,③,2,0,"다음 각 목의 어느 하나에 해당하는 경우. 다만, 부득이한 사유가 있는 경우에는 그러하지 아니하다."
목,4,심리 또는 감리 결과의 조치,,,제28조제③항제2호가목,이의신청의 방법 및 처리<개정 2006. 11. 30.>,제28조,③,2,가,가. 징계등의 결과에 중대한 영향을 미치는 새로운 사실이 없는 경우
목,4,심리 또는 감리 결과의 조치,,,제28조제③항제2호나목,이의신청의 방법 및 처리<개정 2006. 11. 30.>,제28조,③,2,나,"나. 징계당사자가 제출한 문서, 진술 등이 위조·변조, 누락·왜곡 또는 허위인 경우"
항,4,심리 또는 감리 결과의 조치,,,제28조제④항,이의신청의 방법 및 처리<개정 2006. 11. 30.>,제28조,④,0,0,"④ 규정 제27조제4항의 규정에 의하여 위원회는 이의신청 결과 또는 신청서의 각하 여부를 신청인에게 지체 없이 통지하여야 한다.<개정 2006. 11. 30., 2009. 2. 3.>"
항,4,심리 또는 감리 결과의 조치,,,제29조제①항,약식제재금의 부과 방법 및 기준,제29조,①,0,0,"① 위원회는 규정 제28조제3항에 따라 다음 각 호의 어느 하나에 해당하고 위반수준이 경미한 경우에는 회원에게 약식제재금을 부과할 수 있다.<신설 2006. 11. 30., 2009. 2. 3., 2009. 3. 27., 2011. 12. 26., 2013. 9. 13., 2016. 4. 18., 2019. 9. 20.>"
호,4,심리 또는 감리 결과의 조치,,,제29조제①항제1호,약식제재금의 부과 방법 및 기준,제29조,①,1,0,"「유가증권시장 업무규정」·같은 규정 시행세칙, 「코스닥시장 업무규정」·같은 규정 시행세칙, 「코넥스시장 업무규정」·같은 규정 시행세칙 및 다자간매매체결회사의 업무기준에서 규정하는 상장법인의 자기주식 매매거래와 관련된 사항의 위반. 다만, 자기주식매매거래계좌의 설정 또는 자기주식매매신청서의 제출 의무를 위반하는 경우는 그러하지 아니하다.<개정 2025. 2. 27.>"
호,4,심리 또는 감리 결과의 조치,,,제29조제①항제2호,약식제재금의 부과 방법 및 기준,제29조,①,2,0,삭제
호,4,심리 또는 감리 결과의 조치,,,제29조제①항제3호,약식제재금의 부과 방법 및 기준,제29조,①,3,0,"「유가증권시장 업무규정」·같은 규정 시행세칙, 「코스닥시장 업무규정」·같은 규정 시행세칙, 「코넥스시장 업무규정」·같은 규정 시행세칙, 「파생상품시장 업무규정」·같은 규정 시행세칙 및 다자간매매체결회사의 업무기준에 따른 호가·주문의 방법과 관련된 사항의 위반<개정 2025. 2. 27.>"
호,4,심리 또는 감리 결과의 조치,,,제29조제①항제4호,약식제재금의 부과 방법 및 기준,제29조,①,4,0,"「유가증권시장 업무규정」·같은 규정 시행세칙, 「코스닥시장 업무규정」·같은 규정 시행세칙, 「코넥스시장 업무규정」·같은 규정 시행세칙, 「파생상품시장 업무규정」·같은 규정 시행세칙 및 다자간매매체결회사의 업무기준에 따른 수탁의 방법과 관련된 사항의 위반<개정 2025. 2. 27.>"
호,4,심리 또는 감리 결과의 조치,,,제29조제①항제4의2호,약식제재금의 부과 방법 및 기준,제29조,①,4의2,0,「파생상품시장 업무규정」 및 같은 규정 시행세칙에 따른 미결제약정수량의 제한과 관련된 사항의 위반
호,4,심리 또는 감리 결과의 조치,,,제29조제①항제4의3호,약식제재금의 부과 방법 및 기준,제29조,①,4의3,0,「파생상품시장 업무규정」 및 같은 규정 시행세칙에 따른 누적호가수량의 제한과 관련된 사항의 위반
호,4,심리 또는 감리 결과의 조치,,,제29조제①항제5호,약식제재금의 부과 방법 및 기준,제29조,①,5,0,그 밖에 경미한 위규행위로서 위원장이 필요하다고 인정하는 경우
항,4,심리 또는 감리 결과의 조치,,,제29조제②항,약식제재금의 부과 방법 및 기준,제29조,②,0,0,"② 위원장은 약식제재금을 부과하는 경우에는 별표2에 따라 위반행위의 성격, 횟수, 규모 및 당해 회원의 자발적인 노력 등을 고려하여 위규행위별로 금액을 결정한다.<개정 2006. 11. 30.>"
항,4,심리 또는 감리 결과의 조치,,,제29조제③항,약식제재금의 부과 방법 및 기준,제29조,③,0,0,"③ 제1항 및 제2항의 규정에 의하여 약식제재금을 부과하는 경우에는 별지 제16호 서식에 의한다. 이 경우 약식제재금의 납부기한은 해당 회원이 부과통지를 받는 날로부터 1개월 이내로 한다.<개정 2006. 11. 30., 2009. 2. 3.>"
항,4,심리 또는 감리 결과의 조치,,,제29조제④항,약식제재금의 부과 방법 및 기준,제29조,④,0,0,④ 규정 제22조제3항은 약식제재금 부과를 받은 회원이 납부기한 내에 이를 이행하지 아니한 경우에 준용한다.<신설 2011. 2. 11.>
항,4,심리 또는 감리 결과의 조치,,,제29조제⑤항,약식제재금의 부과 방법 및 기준,제29조,⑤,0,0,⑤ 약식제재금의 사용 및 관리에 관하여 필요한 사항은 위원장이 따로 정한다.<신설 2024. 1. 30.>
항,4,심리 또는 감리 결과의 조치,,,제30조제①항,권한의 위임,제30조,①,0,0,① 규정제29조제10호의 규정에 의하여 위원회가 위원장에게 위임하는 긴급한 사항이라 함은 천재·지변·전시·사변·경제사정의 급격한 변동 그 밖에 이에 준하는 사태로 인하여 상당한 기간 위원회의 개최가 곤란한 경우로서 그 처리에 긴급을 요하는 사항을 말한다.
항,4,심리 또는 감리 결과의 조치,,,제30조제②항,권한의 위임,제30조,②,0,0,"② 규정제29조제10호의 규정에 의하여 위원회가 위원장에게 위임하는 경미한 사항은 다음 각 호의 사항을 말한다.<개정 2011. 2. 11., 2013. 9. 13., 2022. 11. 23., 2024. 1. 30.>"
호,4,심리 또는 감리 결과의 조치,,,제30조제②항제1호,권한의 위임,제30조,②,1,0,규정제9조제1항의 규정에 의한 회피신청서 제출 및 승인에 관한 사항
호,4,심리 또는 감리 결과의 조치,,,제30조제②항제2호,권한의 위임,제30조,②,2,0,제22조제3항에 따른 이의신청의 각하사유에 해당하는지 여부의 결정에 관한 사항
호,4,심리 또는 감리 결과의 조치,,,제30조제②항제3호,권한의 위임,제30조,②,3,0,1억원 이하(이미 지급된 포상금 차감 전 금액)인 경우 또는 동일한 신고내용에 관하여 위원회의 심의·결의가 있는 경우의 포상금 지급에 관한 사항
호,4,심리 또는 감리 결과의 조치,,,제30조제②항제4호,권한의 위임,제30조,②,4,0,회원제재금의 사용 및 관리에 관한 사항
호,4,심리 또는 감리 결과의 조치,,,제30조제②항제5호,권한의 위임,제30조,②,5,0,그 밖에 위원회가 경미하다고 인정하는 사항 [본조신설 2006. 11. 30.]
항,4,심리 또는 감리 결과의 조치,,,제31조제②항,의견수렴,제31조,②,0,0,② (회원에 대한 징계기준에 관한 특례) 거래소의 설립일부터 2년이 되는 날까지는 제14조제1항제1호다목·제2호라목·제3호라목·제4호라목·제5호라목의 규정중 “2년”은 각각 “1년”으로 본다
항,4,심리 또는 감리 결과의 조치,,,제31조제③항,의견수렴,제31조,③,0,0,"③ (심리 또는 감리대상 종목 등에 관한 경과조치) 이 세칙 시행전에 한국증권거래소의 업무규정시행세칙 및 선물·옵션업무규정시행세칙, 한국증권업협회의 협회중개시장업무규정시행세칙과 한국선물거래소의 업무규정시행세칙에 의하여 심리 또는 감리대상으로 선정된 종목·회원 등은 이 세칙에 의하여 심리 또는 감리대상으로 선정된 것으로 본다."
항,4,심리 또는 감리 결과의 조치,,,제31조제④항,의견수렴,제31조,④,0,0,"④ (회원의 징계 등에 관한 경과조치) 이 세칙 시행전의 위법·위규 또는 부당한 행위 등에 대한 징계 또는 조치의 내용에 대하여는 종전 한국증권거래소의 업무규정시행세칙 및 선물·옵션업무규정시행세칙, 한국증권업협회의 협회중개시장업무규정시행세칙과 한국선물거래소의 업무규정시행세칙에 의한다."
항,4,심리 또는 감리 결과의 조치,,,제31조제⑤항,의견수렴,제31조,⑤,0,0,"⑤ (회원의 보고 등에 관한 경과조치) 이 규정 시행전의 한국증권거래소의 업무규정시행세칙 및 선물·옵션업무규정시행세칙, 한국증권업협회의 협회중개시장업무규정시행세칙과 한국선물거래소의 업무규정시행세칙에 의한 회원의 보고, 회원에 대한 요구·요청, 불공정거래의 예방활동과 관련한 조치 등은 이 세칙에 의한 것으로 본다. 부칙 <제75호, 2005. 3. 24.> 부칙내용 ① (시행일) 이 세칙은 2005년 3월 24일부터 시행한다."
항,4,심리 또는 감리 결과의 조치,,,제31조제②항,의견수렴,제31조,②,0,0,"② (초대위원의 임기에 관한 특례) 제21조제1항의 개정규정에 불구하고 이 세칙 시행 후 최초로 위원이 되는 자의 임기의 경우에는 시장감시위원장이 위촉당시 정하는 바에 따라 총 위원의 2분의 1은 위촉일로부터 1년으로 한다. 부칙 <제102호, 2005. 7. 29.> 부칙내용 이 세칙은 2005년 8월 1일부터 시행한다. 부칙 <제211호, 2006. 11. 30.> 부칙내용 ① (시행일) 이 세칙은 2006년 12월 1일부터 시행한다. 다만, 제23조 및 별표2.의 개정규정은 2007년 1월 1일부터 시행한다."
항,4,심리 또는 감리 결과의 조치,,,제31조제②항,의견수렴,제31조,②,0,0,② (회원에 대한 징계·조치요구의 기준에 관한 경과조치) 제14조제3항 및 제4항의 개정규정은 감리대상기간이 2007년 1월 1일 이후인 감리부터 적용한다.
항,4,심리 또는 감리 결과의 조치,,,제31조제③항,의견수렴,제31조,③,0,0,"③ (약식제재금의 부과에 관한 경과조치) 제23조 및 별표 2. 의 개정규정은 시행일 이후 발생한 위규행위부터 적용한다. 부칙 <제281호, 2007. 8. 27.> 부칙내용 ① (시행일) 이 세칙은 2007년 9월 3일부터 시행한다."
항,4,심리 또는 감리 결과의 조치,,,제31조제②항,의견수렴,제31조,②,0,0,② (이의신청에 관한 적용례) 제21조의2제2항제3호의 개정규정은 이 세칙 시행 후 최초로 조치하는 징계등부터 적용한다.
항,4,심리 또는 감리 결과의 조치,,,제31조제③항,의견수렴,제31조,③,0,0,"③ (투자경고종목 지정에 관한 경과조치) 이 세칙 시행 당시 유가증권시장업무규정시행세칙 제133조제1항제1호 및 코스닥시장업무규정시행세칙 제54조제1항의 규정에 따라 지정된 이상급등종목은 그 지정일부터 제3조의3제1항제1호의 개정규정에 따른 투자경고종목으로 지정된 것으로 본다. 부칙 <제295호, 2007. 10. 16.> 부칙내용 ① (시행일) 이 세칙은 2007년 11월 1일부터 시행한다."
항,4,심리 또는 감리 결과의 조치,,,제31조제②항,의견수렴,제31조,②,0,0,"② (회원에 대한 징계에 관한 적용례) 제14조제1항의 개정규정은 이 세칙 시행 후 최초로 위원회에서 행하는 징계부터 적용한다. 부칙 <제328호, 2008. 2. 19.> 부칙내용 ① (시행일) 이 세칙은 2008년 2월 25일부터 시행한다."
항,4,심리 또는 감리 결과의 조치,,,제31조제②항,의견수렴,제31조,②,0,0,"② (회원에 대한 징계에 관한 적용례) 별표1 제2호나목(4)의 개정규정은 이 세칙 시행 후 최초로 위원회에서 행하는 징계부터 적용한다. 부칙 <제352호, 2008. 6. 27.> 부칙내용 ① (시행일) 이 세칙은 2008년 6월 30일부터 시행한다. 다만, 제6조의3의 개정규정은 2008년 8월 25일부터 시행한다."
항,4,심리 또는 감리 결과의 조치,,,제31조제②항,의견수렴,제31조,②,0,0,② (포상금 지급에 관한 적용례) 제6조의3의 개정규정은 이 세칙 시행 후 최초로 접수하는 불공정거래 신고부터 적용한다.
항,4,심리 또는 감리 결과의 조치,,,제31조제③항,의견수렴,제31조,③,0,0,"③ (약식제재금 부과에 관한 적용례) 별표 2의 개정규정은 이 세칙 시행 후 최초로 실시하는 감리부터 적용한다. 부칙 <제358호, 2008. 7. 24.> 부칙내용 ① (시행일) 이 세칙은 2008년 7월 28일부터 시행한다."
항,4,심리 또는 감리 결과의 조치,,,제31조제②항,의견수렴,제31조,②,0,0,"② (투자주의종목 지정 등에 관한 경과조치) 이 세칙 시행 당시 투자주의종목, 투자경고종목 또는 투자위험종목으로 지정 또는 지정예고된 종목은 제3조·제3조의3 및 제3조의4의 개정규정에 따라 지정 또는 지정예고된 종목으로 본다. 부칙 <제387호, 2008. 11. 13.> 부칙내용 이 세칙은 2008년 12월 1일부터 시행한다. 부칙 <제464호, 2009. 2. 3.> 부칙내용 ① (시행일) 이 세칙은 2009년 2월 4일부터 시행한다. 다만, 제2조의2의 개정규정은 2009년 2월 16일부터 시행한다."
항,4,심리 또는 감리 결과의 조치,,,제31조제②항,의견수렴,제31조,②,0,0,② (예방조치요구에 관련 적용례) 제2조의2제3항의 개정규정은 이 세칙 시행 후 최초로 위원회가 요구한 예방조치요구부터 적용한다.
항,4,심리 또는 감리 결과의 조치,,,제31조제③항,의견수렴,제31조,③,0,0,"③ (징계등의 처리결과 통보에 관한 적용례) 제19조제2항제2호의 개정규정은 이 세칙 시행 후 최초로 위원회가 요구한 징계부터 적용한다. 부칙 <제490호, 2009. 3. 27.> 부칙내용 ① (시행일) 이 세칙은 2009년 4월 1일부터 시행한다."
항,4,심리 또는 감리 결과의 조치,,,제31조제②항,의견수렴,제31조,②,0,0,"② (적용례) 제23조 및 별표 2의 개정규정은 이 세칙 시행 후 최초로 발생하는 미결제약정제한수량 위반부터 적용한다. 부칙 <제552호, 2009. 11. 27.>"
조,4,심리 또는 감리 결과의 조치,,,제1조,시행일,제1조,0,0,0,이 세칙은 2009년 12월 14일부터 시행한다.
조,4,심리 또는 감리 결과의 조치,,,제2조,투자경고종목 지정 등에 관한 적용례,제2조,0,0,0,제3조의3제1항제3호 및 같은 조 제2항제3호의 개정규정에 따라 투자경고종목으로 지정 또는 지정예고하는 경우의 투자주의종목은 소수지점거래집중종목 또는 소수계좌거래집중종목을 제외하고는 이 규정 시행 후부터 지정되는 투자주의종목부터 적용한다.
조,4,심리 또는 감리 결과의 조치,,,제3조,투자경고종목 지정 등에 관한 경과조치,제3조,0,0,0,"이 세칙 시행 당시 투자경고종목 또는 투자위험종목으로 지정 또는 지정예고된 종목은 제3조의3 및 제3조의4의 개정규정에 따라 지정 또는 지정예고된 종목으로 본다. 부칙 <제613호, 2010. 5. 31.>"
조,4,심리 또는 감리 결과의 조치,,,제1조,시행일,제1조,0,0,0,이 세칙은 2010년 6월 1일부터 시행한다.
조,4,심리 또는 감리 결과의 조치,,,제2조,약식제재금에 관한 적용례,제2조,0,0,0,"별표 2의 개정규정은 이 세칙 시행 후 최초로 발생하는 위규행위부터 적용한다. 부칙 <제692호, 2011. 2. 11.>"
조,4,심리 또는 감리 결과의 조치,,,제1조,시행일,제1조,0,0,0,"이 세칙은 2011년 2월 14일부터 시행한다. 다만, 제3조, 제3조의3, 제3조의4, 제3조의5 및 제3조의7의 개정규정은 2011년 2월 21일부터 시행한다."
조,4,심리 또는 감리 결과의 조치,,,제2조,투자위험종목의 매매거래정지 요청에 관한 적용례,제2조,0,0,0,제3조의5의 개정규정은 이 세칙 시행일 이후 투자위험종목으로 지정되는 종목부터 적용한다.
조,4,심리 또는 감리 결과의 조치,,,제3조,포상금 지급기준 등에 관한 적용례,제3조,0,0,0,제6조의3의 개정규정은 이 세칙 시행 당시 포상금 지급여부가 결정되지 않은 불공정거래 신고부터 적용한다.
조,4,심리 또는 감리 결과의 조치,,,제4조,약식제재금 부과에 관한 적용례,제4조,0,0,0,제23조의 개정규정은 이 세칙 시행 후 부과되는 약식제재금부터 적용한다.
조,4,심리 또는 감리 결과의 조치,,,제5조,투자주의종목 지정 등에 관한 경과조치,제5조,0,0,0,"이 세칙 시행 당시 제3조제4항제6호에 따라 투자주의종목으로 지정된 종목은 이 규정의 시행일에 제3조의 개정규정에 따라 투자주의종목으로 지정된 것으로 본다. 부칙 <제745호, 2011. 7. 7.>"
조,4,심리 또는 감리 결과의 조치,,,제1조,시행일,제1조,0,0,0,이 세칙은 2011년 7월 8일부터 시행한다.
조,4,심리 또는 감리 결과의 조치,,,제2조,적용례,제2조,0,0,0,제21조제1항의 개정규정은 이 규정 시행 이후 최초로 위촉되는 위원부터 적용한다.
조,4,심리 또는 감리 결과의 조치,,,제3조,기존 위원의 연임·임기에 관한 특례,제3조,0,0,0,"이 규정 시행 당시 종전의 규정에 따라 위촉된 위원은 최초 위촉일로부터 기산하여 4년을 초과하지 않는 범위 내에서 제21조 제1항의 개정규정에 따라 연임할 수 있다. 부칙 <제792호, 2011. 12. 26.>"
조,4,심리 또는 감리 결과의 조치,,,제1조,시행일,제1조,0,0,0,이 세칙은 2012년 1월 1일부터 시행한다.
조,4,심리 또는 감리 결과의 조치,,,제2조,회원에 대한 징계등의 적용례,제2조,0,0,0,"제14조제1항제6호다목, 제18조제1항제3호 단서 및 제23조제1항제1호 단서의 개정규정은 이 세칙 시행 후 최초로 발생하는 위규행위부터 적용한다. 다만, 별표2의 개정규정은 이 세칙 시행 후 최초로 약식제재금을 부과하는 경우부터 적용한다."
조,4,심리 또는 감리 결과의 조치,,,제3조,회원제재금 부과에 관한 적용례,제3조,0,0,0,"별표1의 개정규정은 이 세칙 시행 후 최초로 회원제재금을 부과하는 경우부터 적용한다. 부칙 <제816호, 2012. 3. 8.>"
조,4,심리 또는 감리 결과의 조치,,,제1조,시행일,제1조,0,0,0,이 세칙은 2012년 3월 12일부터 시행한다.
항,4,심리 또는 감리 결과의 조치,,,제2조제①항,투자경고종목 또는 투자위험종목의 지정 등에 관한 적용례,제2조,①,0,0,① 제3조의3 및 제3조의4의 개정규정은 이 세칙 시행 후의 매매 거래일부터 기산하여 투자경고종목 또는 투자위험종목으로 지정 되거나 지정예고되는 종목부터 적용한다.
항,4,심리 또는 감리 결과의 조치,,,제2조제②항,투자경고종목 또는 투자위험종목의 지정 등에 관한 적용례,제2조,②,0,0,② 제3조의5 및 제3조의6의 개정규정은 이 세칙 시행 후의 매매 거래일부터 기산하여 투자경고종목 또는 투자위험종목으로 지정되는 종목부터 적용한다.
항,4,심리 또는 감리 결과의 조치,,,제3조제①항,투자경고종목 또는 투자위험종목의 지정 등에 관한 경과조치,제3조,①,0,0,① 이 세칙 시행이전의 매매거래일부터 기산하여 종전 세칙 제3조의3 및 제3조의4에 따른 투자경고종목 또는 투자위험종목의 지정이나 지정예고 등에 해당하는 경우에는 종전 세칙 제3조의3 및 제3조의4에 따른다.
항,4,심리 또는 감리 결과의 조치,,,제3조제②항,투자경고종목 또는 투자위험종목의 지정 등에 관한 경과조치,제3조,②,0,0,② 이 세칙 시행이전의 매매거래일부터 기산하여 종전 세칙 제3조의4에 따라 투자위험종목으로 지정되는 경우 그 매매거래정지의 요청에 관하여는 종전 세칙 제3조의5에 따른다.
항,4,심리 또는 감리 결과의 조치,,,제4조제①항,투자경고종목 또는 투자위험종목의 지정 등에 관한 특례,제4조,①,0,0,① 부칙 제2조에 따른 조치를 받은 이후에 부칙 제3조에 따라 동일한 조치를 받게 되는 경우(양 조치를 동일한 시점에 받게 되는 경우를 포함한다)에는 부칙 제3조를 적용하지 아니한다.
항,4,심리 또는 감리 결과의 조치,,,제4조제②항,투자경고종목 또는 투자위험종목의 지정 등에 관한 특례,제4조,②,0,0,"② 부칙 제3조에 따른 조치를 받은 이후에 그 대상기간이 일부 중첩되는 경우로서 부칙 제2조에 따라 동일한 조치를 받게 되는 경우에는 부칙 제2조를 우선하여 적용한다. 이 경우 부칙 제3조에 따른 조치는 그 효력이 정지된다. 부칙 <제826호, 2012. 4. 10.> 부칙내용 이 세칙은 2012년 4월 23일부터 시행한다. 부칙 <제850호, 2012. 7. 3.>"
조,4,심리 또는 감리 결과의 조치,,,제1조,시행일,제1조,0,0,0,이 세칙은 2012년 7월 9일부터 시행한다.
조,4,심리 또는 감리 결과의 조치,,,제2조,포상금 지급에 관한 적용례,제2조,0,0,0,"제6조의3의 개정규정은 이 세칙 시행일 이후 접수된 불공정거래 신고부터 적용한다. 부칙 <제858호, 2012. 8. 27.> 부칙내용 이 세칙은 2012년 9월 3일부터 시행한다. 부칙 <제861호, 2012. 9. 12.> 부칙내용 이 세칙은 2012년 9월 13일부터 시행한다. 부칙 <제868호, 2012. 10. 5.>"
조,4,심리 또는 감리 결과의 조치,,,제1조,시행일,제1조,0,0,0,"이 세칙은 2012년 10월 8일부터 시행한다. 다만, 제3조제1항부터 제3항까지 중 주식워런트증권과 관련된 개정규정은 2012년 10월 29일부터 시행한다."
항,4,심리 또는 감리 결과의 조치,,,제2조제①항,투자주의종목 지정 등에 관한 적용례,제2조,①,0,0,"① 제3조, 제3조의3 및 제3조의4의 개정규정은 이 세칙 시행 후의 매매거래일부터 기산하여 투자주의종목, 투자경고종목 또는 투자위험종목으로 지정, 지정예고 또는 지정해제되는 종목부터 적용한다."
항,4,심리 또는 감리 결과의 조치,,,제2조제②항,투자주의종목 지정 등에 관한 적용례,제2조,②,0,0,"② 이 세칙 시행이전의 매매거래일부터 기산하여 종전 세칙 제3조, 제3조의3 및 제3조의4에 따른 투자주의종목, 투자경고종목 또는 투자위험종목의 지정, 지정예고 또는 지정해제 등에 해당하는 경우에는 종전 세칙 제3조, 제3조의3 및 제3조의4에 따른다."
항,4,심리 또는 감리 결과의 조치,,,제2조제③항,투자주의종목 지정 등에 관한 적용례,제2조,③,0,0,"③ 제1항에 따른 조치를 받은 이후에 제2항에 따라 동일한 조치를 받게 되는 경우(양 조치를 동일한 시점에 받게 되는 경우를 포함한다)에는 제2항을 적용하지 아니한다. 부칙 <제885호, 2012. 12. 27.> 부칙내용 이 세칙은 2013년 1월 1일부터 시행한다. 부칙 <제926호, 2013. 6. 17.>"
조,4,심리 또는 감리 결과의 조치,,,제1조,시행일,제1조,0,0,0,이 세칙은 2013년 7월 1일부터 시행한다.
조,4,심리 또는 감리 결과의 조치,,,제2조,투자주의종목에 대한 적용특례,제2조,0,0,0,"코넥스시장 상장종목에 대하여는 시장감시위원장이 따로 정하는 날부터 제3조를 적용한다. 부칙 <제941호, 2013. 8. 26.>"
조,4,심리 또는 감리 결과의 조치,,,제1조,시행일,제1조,0,0,0,이 세칙은 2013년 9월 30일부터 시행한다. 다만 제3조의5 및 제3조의6의 개정규정은 2013년 8월 27일부터 시행한다.
항,4,심리 또는 감리 결과의 조치,,,제2조제①항,투자주의종목 지정 등에 관한 적용례,제2조,①,0,0,"① 제3조, 제3조의3 및 제3조의4의 개정규정은 이 세칙 시행 이후의 매매거래일부터 기산하여 투자주의종목, 투자경고종목 또는 투자위험종목으로 지정, 지정예고 또는 지정해제되는 종목부터 적용한다."
항,4,심리 또는 감리 결과의 조치,,,제2조제②항,투자주의종목 지정 등에 관한 적용례,제2조,②,0,0,"② 이 세칙 시행이전의 매매거래일부터 기산하여 종전 세칙 제3조, 제3조의3 및 제3조의4에 따른 투자주의종목, 투자경고종목 또는 투자위험종목의 지정, 지정예고 또는 지정해제에 해당하는 경우에는 종전 세칙 제3조, 제3조의3 및 제3조의4에 따른다. 부칙 <제950호, 2013. 9. 13.>"
조,4,심리 또는 감리 결과의 조치,,,제1조,시행일,제1조,0,0,0,"이 세칙은 2013년 9월 23일부터 시행한다. 다만, 제7조, 제8조 및 제23조의 개정규정은 2013년 9월 17일부터 시행한다."
조,4,심리 또는 감리 결과의 조치,,,제2조,포상금에 관한 적용례,제2조,0,0,0,제6조의3 및 제24조의 개정규정은 이 세칙 시행일 이후 접수된 신고분부터 적용한다.
조,4,심리 또는 감리 결과의 조치,,,제3조,약식제재금 부과에 관한 적용례,제3조,0,0,0,"제23조의 개정규정은 이 세칙 시행 후 최초로 약식제재금을 부과하는 경우부터 적용한다. 부칙 <제984호, 2013. 12. 30.> 부칙내용 이 세칙은 2014년 1월 2일부터 시행한다. 부칙 <제1046호, 2014. 6. 26.> 부칙내용 이 세칙은 2014년 6월 30일부터 시행한다. 부칙 <제1072호, 2014. 7. 31.> 부칙내용 이 세칙은 2014년 8월 4일부터 시행한다. 부칙 <제1105호, 2014. 10. 31.> 부칙내용 이 세칙은 2014년 11월 17일부터 시행한다. 부칙 <제1117호, 2014. 11. 27.>"
조,4,심리 또는 감리 결과의 조치,,,제1조,시행일,제1조,0,0,0,이 세칙은 2014년 12월 1일부터 시행한다.
항,4,심리 또는 감리 결과의 조치,,,제2조제①항,투자주의종목 지정 등에 관한 적용례,제2조,①,0,0,"① 이 세칙은 시행 이후의 매매거래일부터 기산하여 투자주의종목, 투자경고종목 또는 투자위험종목으로 지정, 지정예고 또는 지정해제되는 종목부터 적용한다."
항,4,심리 또는 감리 결과의 조치,,,제2조제②항,투자주의종목 지정 등에 관한 적용례,제2조,②,0,0,"② 이 세칙 시행이전의 매매거래일부터 기산하여 종전 세칙에 따른 투자주의종목, 투자경고종목 또는 투자위험종목의 지정, 지정예고 또는 지정해제에 해당하는 경우에는 종전 세칙에 따른다. 부칙 <제1197호, 2015. 6. 10.>"
조,4,심리 또는 감리 결과의 조치,,,제1조,시행일,제1조,0,0,0,이 세칙은 2015년 6월 15일부터 시행한다.
조,4,심리 또는 감리 결과의 조치,,,제2조,투자경고종목의 매매거래정지의 요청 등에 관한 경과조치,제2조,0,0,0,"이 세칙 시행일 전 위원회가 매매거래가 정지될 수 있다는 사실을 예고한 경우 매매거래정지의 요청은 제3조의5의 개정규정에도 불구하고 종전의 규정을 따른다. 부칙 <제1211호, 2015. 6. 30.> 부칙내용 이 세칙은 시장감시규정('15.6.5 시장감시위원회 의결)의 효력이 발생하는 때부터 시행한다. 부칙 <제1255호, 2015. 11. 20.> 부칙내용 이 세칙은 2015년 11월 23일부터 시행한다. 부칙 <제1263호, 2015. 12. 11.>"
조,4,심리 또는 감리 결과의 조치,,,제1조,시행일,제1조,0,0,0,이 세칙은 2015년 12월 14일부터 시행한다.
조,4,심리 또는 감리 결과의 조치,,,제2조,투자경고종목 적용례,제2조,0,0,0,"이 세칙 시행 이전 종전 규정에 따라 투자경고종목으로서 매매거래정지 사유가 발생한 종목에 대해서는 그 지정 해제 시까지 종전 규정에 의한다. 부칙 <제1305호, 2016. 3. 29.> 부칙내용 이 세칙은 2016년 3월 30일부터 시행한다. 부칙 <제1311호, 2016. 4. 18.>"
조,4,심리 또는 감리 결과의 조치,,,제1조,시행일,제1조,0,0,0,이 세칙은 2016년 4월 20일부터 시행한다.
조,4,심리 또는 감리 결과의 조치,,,제2조,투자경고종목 지정 등에 관한 적용례,제2조,0,0,0,"제3조의3제1항제7호, 같은 조 제2항제6호 및 제5항제1호라목의 개정규정은 이 세칙 시행 이후 투자경고종목에서 지정해제되는 종목부터 적용한다."
조,4,심리 또는 감리 결과의 조치,,,제3조,약식제재금 부과 적용례,제3조,0,0,0,"제23조제1항제4호의3의 개정규정은 이 세칙 시행 후 발생하는 위반분부터 적용한다. 부칙 <제1325호, 2016. 5. 31.> 부칙내용 이 세칙은 2016년 6월 1일부터 시행한다. 부칙 <제1416호, 2017. 2. 10.>"
조,4,심리 또는 감리 결과의 조치,,,제1조,시행일,제1조,0,0,0,"이 세칙은 2017년 2월 13일부터 시행한다. 다만, 제3조제4항제7호의 개정규정은 2017년 2월 20일부터 시행한다."
조,4,심리 또는 감리 결과의 조치,,,제2조,투자주의종목 지정에 관한 적용례,제2조,0,0,0,"제3조제4항제7호의 개정규정은 이 세칙 시행일 이후 최초로 풍문관여종목으로 지정된 종목부터 적용한다. 부칙 <제1423호, 2017. 3. 7.> 부칙내용 이 세칙은 2017년 3월 13일부터 시행한다. 부칙 <제1474호, 2017. 8. 11.> 부칙내용 이 세칙은 2017년 8월 14일부터 시행한다. 부칙 <제1485호, 2017. 9. 14.> 부칙내용 이 세칙은 2017년 9월 18일부터 시행한다. 부칙 <제1500호, 2017. 12. 18.> 부칙내용 이 세칙은 2018년 1월 2일부터 시행한다. 부칙 <제1524호, 2018. 2. 2.>"
조,4,심리 또는 감리 결과의 조치,,,제1조,시행일,제1조,0,0,0,이 세칙은 2018년 2월 6일부터 시행한다.
조,4,심리 또는 감리 결과의 조치,,,제2조,적용례,제2조,0,0,0,"제3조의7제1항 단서 및 제2항의 개정규정은 이 세칙 시행일 이후 최초로 코넥스시장 상장종목이 유가증권시장 또는 코스닥시장에 신규상장되는 경우부터 적용한다. 부칙 <제1577호, 2018. 9. 7.>"
조,4,심리 또는 감리 결과의 조치,,,제1조,시행일,제1조,0,0,0,이 세칙은 2018년 10월 1일부터 시행한다.
조,4,심리 또는 감리 결과의 조치,,,제2조,회원제재금 부과에 관한 적용례,제2조,0,0,0,"별표 1의 개정규정은 이 세칙이 시행 후 최초로 회원제재금을 부과하는 경우부터 적용한다. 부칙 <제1611호, 2018. 12. 11.>"
조,4,심리 또는 감리 결과의 조치,,,제1조,시행일,제1조,0,0,0,"이 세칙은 2018년 12월 24일부터 시행한다. 부칙 <제1734호, 2019. 9. 20.> 부칙내용 이 세칙은 2019년 9월 23일부터 시행한다. 부칙 <제1792호, 2020. 3. 18.> 부칙내용 이 세칙은 2020년 3월 23일부터 시행한다. 부칙 <제1822호, 2020. 5. 7.> 부칙내용 이 세칙은 2020년 5월 8일부터 시행한다. 부칙 <제1933호, 2021. 3. 12.> 부칙내용 이 세칙은 2021년 3월 15일부터 시행한다. 다만, 제13조의3의 개정규정은 2021년 4월 6일부터 시행한다. 부칙 <제1982호, 2021. 9. 14.>"
조,4,심리 또는 감리 결과의 조치,,,제1조,시행일,제1조,0,0,0,이 세칙은 2021년 10월 1일부터 시행한다.
조,4,심리 또는 감리 결과의 조치,,,제2조,"회원에 대한 징계, 조치요구 또는 회원에 대한 임직원의 징계요구 등에 관한 경과조치",제2조,0,0,0,"이 세칙 시행 전의 규정 위반행위에 대하여 회원에 대한 징계, 조치요구 또는 회원에 대한 임직원의 징계요구 기준을 적용할 때에는 이 세칙의 개정규정에도 불구하고 위반행위 당시의 규정에 따른다. 부칙 <제2011호, 2021. 12. 15.>"
조,4,심리 또는 감리 결과의 조치,,,제1조,시행일,제1조,0,0,0,이 세칙은 2021년 12월 27일부터 시행한다.
조,4,심리 또는 감리 결과의 조치,,,제2조,소액포상금 한도에 관한 적용례,제2조,0,0,0,"제6조의3제2항의 개정규정은 이 세칙 시행 당시 불공정거래 신고를 접수했으나 포상금을 지급하지 아니한 경우에도 적용한다. 부칙 <제2042호, 2022. 6. 15.>"
조,4,심리 또는 감리 결과의 조치,,,제1조,시행일,제1조,0,0,0,이 세칙은 2022년 6월 16일부터 시행한다.
조,4,심리 또는 감리 결과의 조치,,,제2조,적용례,제2조,0,0,0,"별표 2 제1호다목의 개정규정은 이 세칙 시행일 이후 프로그램매매 호가표시를 위반한 경우부터 적용한다. 부칙 <제2079호, 2022. 11. 23.>"
조,4,심리 또는 감리 결과의 조치,,,제1조,시행일,제1조,0,0,0,이 세칙은 2022년 11월 28일부터 시행한다.
조,4,심리 또는 감리 결과의 조치,,,제2조,투자경고종목 및 투자위험종목의 지정 등에 관한 경과조치,제2조,0,0,0,제3조의3 및 제3조의4의 개정규정에도 불구하고 이 세칙 시행 이전의 매매거래일부터 기산하여 투자경고종목 또는 투자위험종목의 지정이나 지정예고 등에 해당하는 경우에는 종전의 규정에 따른다.
조,4,심리 또는 감리 결과의 조치,,,제3조,포상지급 기준 등의 관한 적용례,제3조,0,0,0,제6조의3제1항·제4항·제5항 및 제30조제2항제3호의 개정규정은 이 규정 시행 당시 불공정거래 신고를 접수했으나 포상금을 지급하지 아니한 경우에도 적용한다.
조,4,심리 또는 감리 결과의 조치,,,제4조,회원제재금 부과기준에 관한 적용례,제4조,0,0,0,"별표 1의 개정규정은 이 세칙 시행일 이후 최초로 회원제재금을 부과하는 경우부터 적용한다. 부칙 <제2107호, 2023. 2. 8.> 부칙내용 이 세칙은 2023년 3월 2일부터 시행한다. 부칙 <제2119호, 2023. 4. 11.> 부칙내용 이 세칙은 2023년 5월 2일부터 시행한다. 부칙 <제2127호, 2023. 6. 7.>"
조,4,심리 또는 감리 결과의 조치,,,제1조,시행일,제1조,0,0,0,이 세칙은 2023년 6월 8일부터 시행한다.
조,4,심리 또는 감리 결과의 조치,,,제2조,위법·위규행위 자진신고 감경에 관한 적용례,제2조,0,0,0,"제16조 및 별표 1의 개정규정은 이 세칙 시행 전에 위법·위규행위 자진신고를 한 경우로서 이 세칙 시행 이후 회원에 대하여 징계를 하는 경우에도 적용한다. 부칙 <제2155호, 2023. 8. 30.> 부칙내용 이 세칙은 2023년 9월 1일부터 시행한다. 부칙 <제2196호, 2023. 12. 12.> 부칙내용 이 세칙은 2023년 12월 26일부터 시행한다. 부칙 <제2206호, 2024. 1. 30.> 부칙내용 이 세칙은 2024년 2월 16일부터 시행한다. 부칙 <제2212호, 2024. 2. 16.>"
조,4,심리 또는 감리 결과의 조치,,,제1조,시행일,제1조,0,0,0,이 세칙은 2024년 2월 19일부터 시행한다.
조,4,심리 또는 감리 결과의 조치,,,제2조,포상금 지급에 관한 적용례,제2조,0,0,0,"제6조의3제1항·제5항의 개정규정은 이 세칙 시행 당시 불공정거래 신고를 접수했으나 포상금을 지급하지 아니한 경우에도 적용한다. 부칙 <제2228호, 2024. 5. 21.> 부칙내용 이 세칙은 2024년 5월 27일부터 시행한다. 부칙 <제2253호, 2024. 10. 15.>"
조,4,심리 또는 감리 결과의 조치,,,제1조,시행일,제1조,0,0,0,이 세칙은 2024년 10월 16일부터 시행한다.
조,4,심리 또는 감리 결과의 조치,,,제2조,회원에 대한 징계 등의 적용례,제2조,0,0,0,"제15조, 제15조의2 및 별표 1의 개정규정은 이 세칙 시행 이후 최초로 회원에 대해 징계를 하는 경우부터 적용한다. 부칙 <제2296호, 2025. 2. 27.> 부칙내용 이 세칙은 2025년 3월 4일부터 시행한다. 부칙 <제2310호, 2025. 3. 13.> 부칙내용 이 세칙은 2025년 3월 31일부터 시행한다. 부칙 <제2329호, 2025-05-15>"
조,4,심리 또는 감리 결과의 조치,,,제1조,시행일,제1조,0,0,0,"이 세칙은 2025년 6월 9일부터 시행한다. 부칙 <제2364호, 2025. 10. 2.> 부칙내용 이 세칙은 2025년 10월 2일부터 시행한다. 부칙 <제2372호, 2025. 10. 28.> 부칙내용 이 세칙은 2025년 10월 28일부터 시행한다. 부칙 <제2382호, 2025. 12. 26.>"
조,4,심리 또는 감리 결과의 조치,,,제1조,시행일,제1조,0,0,0,이 세칙은 2025년 12월 29일부터 시행한다.
조,4,심리 또는 감리 결과의 조치,,,제2조,경과규정,제2조,0,0,0,"이 세칙 시행 이전 종전 규정 제3조의3제2항제8호에 따라 투자경고종목으로 지정된 종목이 시행일 당시 개정 규정 제3조의3제2항제8호라목에 해당하는 경우에는 시행일부터 투자경고종목에서 지정해제한다. 부칙 <제2400호, 2026. 1. 29.>"
조,4,심리 또는 감리 결과의 조치,,,제1조,시행일,제1조,0,0,0,이 세칙은 2026년 1월 29일부터 시행한다.
조,4,심리 또는 감리 결과의 조치,,,제2조,회원제재금 미환급에 관한 경과조치,제2조,0,0,0,"이 세칙 시행 전에 회원이 이미 납부한 회원제재금의 환급에 관하여는 별표 1 제4호나목의 개정규정에도 불구하고 종전의 규정에 따른다. 부칙 <제2435호, 2026. 4. 24.> 부칙내용 이 세칙은 2026년 4월 27일부터 시행한다. 부칙 <제2446호, 2026. 5. 19.> 부칙내용 이 세칙은 2026년 5월 20일부터 시행한다. 부칙 <제2448호, 2026. 5. 26.>"
조,4,심리 또는 감리 결과의 조치,,,제1조,시행일,제1조,0,0,0,이 세칙은 2026년 5월 27일부터 시행한다.
조,4,심리 또는 감리 결과의 조치,,,제2조,투자경고종목의 지정 및 지정예고에 관한 적용례,제2조,0,0,0,"시행일 직전 거래일에 종전 규정에 따라 투자경고종목으로 지정 및 지정예고할 수 있는 종목이 시행일 당시 개정 규정 제3조의3제4항제3호에 해당하는 경우에는 시행일에 투자경고종목의 지정 및 지정예고를 하지 아니한다. 부칙 <제2452호, 2026. 6. 26.>"
조,4,심리 또는 감리 결과의 조치,,,제1조,시행일,제1조,0,0,0,이 세칙은 2026년 6월 29일부터 시행한다.
조,4,심리 또는 감리 결과의 조치,,,제2조,포상금 지급에 관한 적용례,제2조,0,0,0,"제6조의3의 개정규정은 이 세칙 시행 전에 불공정거래 신고가 접수된 경우로서, 시행 당시 포상금 지급 결정을 하지 아니한 경우에도 적용한다. [별지 제1호 서식] 상장법인 주요주주 등의 자기주식등 거래현황 보고 <개정 2009.2.3, 2012.4.10> <표> 한국거래소 시장감시위원장 귀하 시장감시규정 제7조 및 동시행세칙 제4조의 규정에 의하여 당사의 본점․지점 및 영업소별 상장법인 임원․직원 및 주요주주 위탁자의 자기회사 발행주권 및 시행세칙 제4조제1항 각호의 유가증권 등의 거래의 위탁내역을 다음과 같이 보고합니다. 20 년 월 일 ○○회사 대표이사(대표집행임원) ○ ○ ○ (인) <표> 주1) 매매구분은 일반매매와 공매도로 구분 2) 공매도는 ｢자본시장과 금융투자업에 관한 법률 시행령｣ 제208조제2항제1호가목에 따른 상장법인 임직원의 공매도를 말함 [별지 제2호 서식] 공정거래질서저해우려 풍문 또는 이상거래 징후·현상 보고 <개정 2009.2.3, 2012.4.10> <표> 한국거래소 시장감시위원장 귀하 시장감시규정 제7조 및 동시행세칙 제5조의 규정에 의하여 공정거래질서를 저해할 우려가 있는 풍문 또는 이상거래 징후․현상내용을 다음과 같이 보고합니다. 20 년 월 일 ○○회사 대표이사(대표집행임원) ○ ○ ○ (인) <표> (주) 내용에는 관련 증권사, 날짜 등 구체적인 사항이 포함되도록 작성 [별지 제3호 서식] 삭제<2009.2.3> [별지 제4호 서식] 민원·분쟁현황 및 처리결과 보고 <개정 2009.2.3, 2012.4.10> <표> 한국거래소 시장감시위원장 귀하 시장감시규정 제7조 및 동시행세칙 제5조의 규정에 의하여 당사의 민원․분쟁현황 및 처리결과를 다음과 같이 보고합니다. 20 년 월 일 ○○회사 대표이사(대표집행임원) ○ ○ ○ (인) <표> <표> [별지 제5호 서식] 심리·감리 회피신청서 <개정 2009.2.3> <표> 한국거래소 시장감시위원장 귀하 시장감시규정 제9조 및 동시행세칙 제6조의 규정에 의하여 다음과 같은 사유로 해당 종목(회원)에 대하여 심리․감리의 회피를 신청하오니 승인하여 주시기 바랍니다. <표> 20 년 월 일 신청인 : ○ ○ ○ (인) [별지 제6호 서식] 위탁자 기본정보 현황 <개정 2009.2.3, 2012.4.10, 2024.5.21> <표> 한국거래소 시장감시위원장 귀하 시장감시규정 제14조 및 동시행세칙 제8조제1호의 규정에 의하여 위탁자 기본정보를 다음과 같이 제출합니다. 20 년 월 일 ○○회사 대표이사(대표집행임원) ○ ○ ○ (인) <표> 주 1) 고유번호는 주민등록번호 또는 사업자등록번호를 말함. 다만, 외국인의 경우에는 「금융투자업규정」제6-1조제14호에 따른 식별수단을 말함 2) 증권저축은 근로자증권저축을 말함 [별지 제7호 서식] 삭제<2006.11.30> [별지 제8호 서식] 출석요청서 <개정 2009.2.3> <표> [별지 제9호 서식] 확인서 <개정 2009.2.3> <표> [별지 제10호 서식] 문답서 <개정 2006.11.30> <표> [별지 제11호 서식] 질문서 <개정 2006.11.30, 2009.2.3> <표> [별지 제12호 서식] 감리명령서 <개정 2006.11.30, 2009.2.3> <표> [별지 제13호 서식] 삭제<2017.2.10> [별지 제14호 서식] 현지조치사항 <개정 2009.2.3> <표> - - [별지 제14-2호 서식] 공매도 중앙점검시스템 보고서 <표> - - [별지 제14-3호 서식] 사실관계확인서 <표> - - [별지 제14-4호 서식] 자료제출요구서 <신설 2021.3.12.> <표> [별지 제15호 서식] 회원제재금 부과 통지서 <개정 2009.2.3, 2011.12.26., 2024.1.30., 2025.5.15> 회원제재금 부과 통지서"
호,4,심리 또는 감리 결과의 조치,,,제2조제1호,포상금 지급에 관한 적용례,제2조,0,1,0,대상회원 : ○○회사
호,4,심리 또는 감리 결과의 조치,,,제2조제2호,포상금 지급에 관한 적용례,제2조,0,2,0,부과금액 : ￦ (금 원정)
호,4,심리 또는 감리 결과의 조치,,,제2조제3호,포상금 지급에 관한 적용례,제2조,0,3,0,납부기한 : 년 월 일까지
호,4,심리 또는 감리 결과의 조치,,,제2조제4호,포상금 지급에 관한 적용례,제2조,0,4,0,납부방법 - 입금방법 : 한국거래소의 보통예금통장에 무통장 입금 - 계좌번호 : ○○은행 000-00-000000 - 예 금 주 : 한국거래소 - 기 타 : 당일 자금화가 가능한 현금 또는 자기앞수표(당좌수표는 제외)로 입금
호,4,심리 또는 감리 결과의 조치,,,제2조제5호,포상금 지급에 관한 적용례,제2조,0,5,0,부과근거 및 사유 - 시장감시규정 제22조 및 동 시행세칙 제14조
호,4,심리 또는 감리 결과의 조치,,,제2조제6호,포상금 지급에 관한 적용례,제2조,0,6,0,기 타
목,4,심리 또는 감리 결과의 조치,,,제2조제6호가목,포상금 지급에 관한 적용례,제2조,0,6,가,가. 가산금 : 위원회는 회원이 납부기한까지 회원제재금을 납부하지 아니한 경우에는 나목에 따른 이의신청 여부와 관계없이 납부기한의 다음날부터 납부한 날의 전일까지 미납한 회원제재금에 연 100분의 6을 적용하여 계산한 금액을 가산금으로 징수함.
목,4,심리 또는 감리 결과의 조치,,,제2조제6호나목,포상금 지급에 관한 적용례,제2조,0,6,나,"나. 이의신청 : 위원회의 징계등의 조치에 대하여 이의가 있는 때에는 그 고지를 받은 날부터 30일 이내에 위원회에 이의신청할 수 있음. 이 경우 시장감시규정시행세칙 제28조에 따라 신청서와 증빙서류를 제출하여야 함. 한국거래소 시장감시위원장 [별지 제15-2호 서식] 서면의견진술서 <신설 2006.11.30, 2009.2.3> <표> * 일변번호는 기재하시지 마십시오. * 위원회(규율위원회 포함. 이하 같음)에 참석하여 구두로 진술하실 경우에는 작성하실 필요가 없습니다. * 서면의견진술서는 위원회 개최일의 전일 17:00까지 제출하시지 않을 경우에는 의견이 없는 것으로 간주합니다. [별지 제15호의3 서식] 삭제<2023.8.30> [별지 제15호의4 서식] 삭제<2023.8.30> [별지 제15-5호서식] 징계내역 확인 요청서 <개정 2021.9.14> 징계내역 확인 요청서 <표> <표> [별지 제15-6호서식] 개인정보 제공 동의서 <신설 2014.6.26> <표> [별지 제15-7호서식] 징계내역 통보서 <개정 2021.9.14> 징계내역 통보서 <표> <표> * 징계일로부터 일정기간[면직(해임) : 10년, 정직(직무정지) : 5년, 감봉·견책 : 3년, 경고·주의 : 2년]이 경과한 경우 통보대상에서 제외할 수 있음 [별지 제16호 서식] 약식제재금 부과 통지서 <개정 2009.2.3, 2021.9.14, 2022.6.15., 2024.1.30., 2025.5.15> 약식제재금 부과 통지서"
호,4,심리 또는 감리 결과의 조치,,,제2조제1호,포상금 지급에 관한 적용례,제2조,0,1,0,대상회원 : ○○회사
호,4,심리 또는 감리 결과의 조치,,,제2조제2호,포상금 지급에 관한 적용례,제2조,0,2,0,부과금액 : ￦ (금 원정)
호,4,심리 또는 감리 결과의 조치,,,제2조제3호,포상금 지급에 관한 적용례,제2조,0,3,0,납부기한 : 년 월 일까지
호,4,심리 또는 감리 결과의 조치,,,제2조제4호,포상금 지급에 관한 적용례,제2조,0,4,0,납부방법 - 입금방법 : 한국거래소의 보통예금통장에 무통장 입금 - 계좌번호 : ○○은행 000-00-000000 - 예 금 주 : 한국거래소 - 기 타 : 당일 자금화가 가능한 현금 또는 자기앞수표(당좌수표는 제외)로 입금
호,4,심리 또는 감리 결과의 조치,,,제2조제5호,포상금 지급에 관한 적용례,제2조,0,5,0,부과근거 - 시장감시규정 제28조 및 동 시행세칙 제29조
호,4,심리 또는 감리 결과의 조치,,,제2조제6호,포상금 지급에 관한 적용례,제2조,0,6,0,기 타
목,4,심리 또는 감리 결과의 조치,,,제2조제6호가목,포상금 지급에 관한 적용례,제2조,0,6,가,가. 가산금 : 위원회는 회원이 납부기한까지 약식제재금을 납부하지 아니한 경우에는 나목에 따라 징계등의 절차를 진행하는 경우를 제외하고 납부기한의 다음날부터 납부한 날의 전일까지 미납한 회원제재금에 연 100분의 6을 적용하여 계산한 금액을 가산금으로 징수함.
목,4,심리 또는 감리 결과의 조치,,,제2조제6호나목,포상금 지급에 관한 적용례,제2조,0,6,나,"나. 징계등의 절차 진행 : 약식제재금 미납부 의사를 표명하거나 약식제재금을 특별한 사유없이 납부기한 종료일까지 미납하는 경우에는 시장감시규정 제28조제2항에 따라 징계등의 절차를 진행할 수 있음. 한국거래소 시장감시위원장 [별지 제17호 서식] 컨설팅 요청서 <신설 2016.4.18> 컨설팅 요청서 <표> 한국거래소 시장감시위원회 위원장 귀하 시장감시규정 시행세칙 제2조의5제1항제2호의 규정에 의하여 다음과 같이 컨설팅을 요청합니다. <표> 20 년 월 일 ○○ 회사 대표이사 (인) 주 1) 컨설팅이 필요한 사항을 기재하며, 상세한 내용 및 참조서류를 첨부할 수 있음 2) 컨설팅의 개시 및 종료까지 소요 가능한 기간을 기재하되, 생략할 수 있음 3) 서면 컨설팅, 실지 컨설팅, 여타 장소를 정하여 진행하는 컨설팅을 선택할 수 있으며(병행도 가능), 시장감시위원회와 협의하에 추후 변경도 가능 [별지 제18호 서식] 예방교육 요청서 <신설 2016.5.31> 예방교육 요청서 <표> 한국거래소 시장감시위원회 위원장 귀하 시장감시규정 시행세칙 제2조의9제2항의 규정에 의하여 다음과 같이 예방교육을 요청합니다. <표> 20 년 월 일 ○○ 회사 대표이사 (인) 주 1) 교육이 필요한 사항 기재(예 : 단기매매차익반환, 미공개정보, 지분보고 등) 2) 교육 희망 일시 및 시간 기재 [별지 제19호 서식] 임직원 등록 및 매매알림 서비스 이용신청서 <신설 2018.12.11> 임직원 등록 및 매매알림 서비스 이용신청서 <표> 한국거래소 시장감시위원회 위원장 귀하 당사는 시장감시위원회에 개인정보 수집‧제공 및 매매알림에 동의한 임직원의 등록 및 매매알림 서비스 이용을 신청합니다. □ 임직원 등록 및 매매알림 서비스 담당자 정보 ㅇ 서비스 이용에 앞서 점검업무 담당자의 정보를 입력 해주세요. <표> □ 본 서비스 이용을 위한 개인정보 수집‧제공 및 매매알림에 대해 등록한 임직원의 개별 동의를 받았음을 확인합니다. ( □ 임직원의 개별 동의를 받았습니다. ) □ 필요한 경우 본 서비스 이용을 신청한 법인명을 거래소 홈페이지 또는 보도자료 등에 인용‧공표하는 것에 동의합니다. ( □ 예 , □ 아니오 ) 20 년 월 일 ○○ 회사 대표이사 (인) ※ 본 신청서의 기재에 관한 문의처 : ㈜ 한국거래소 시장감시위원회 투자자보호부 Tel. 02-3774-4375 (09:00 ~ 17:30, 주말‧공휴일 제외) [별지 제20호 서식] 위법·위규행위 발생사실 신고서 <신설 2023.06.07> 위법·위규행위 발생사실 신고서(제16조제3항 관련) <표> 주1) 대리인이 있는 경우 기재 주2) 회원이 위탁자의 주문 등을 수탁받아 업무를 처리하는 과정에서 위법·위규행위가 발생한 경우, 회원과 위탁자의 정보를 모두 기재 [별표 1] 회원제재금 부과기준 <개정 2022.11.23, 2023.06.07., 2024.10.15., 2026.1.29.> 회원제재금 부과기준"
호,4,심리 또는 감리 결과의 조치,,,제2조제1호,포상금 지급에 관한 적용례,제2조,0,1,0,부과금액의 결정방법 <표>
호,4,심리 또는 감리 결과의 조치,,,제2조제2호,포상금 지급에 관한 적용례,제2조,0,2,0,부과금액 구간의 설정
목,4,심리 또는 감리 결과의 조치,,,제2조제2호가목,포상금 지급에 관한 적용례,제2조,0,2,가,"가. 위반 원인의 중대성 판단 1) 원인의 중대성 판단 요소 가) 임원·부서장 등의 개입 여부 및 정도, 가담직원의 수 나) 위반행위에 대한 인식정도 다) 회원의 상품계좌를 통한 위반행위 여부 라) 회원의 모니터링에 따른 조치 등 위반행위 방지를 위한 내부통제의 적정성 여부 마) 위반행위의 반복 여부 등 2) 원인의 중대성은 상·중·하 3단계로 구분한다. 이 경우 아래의 표에 따라 구분한 각 판단 요소의 단계를 종합적으로 고려하여 최종 단계를 정한다. <표>"
목,4,심리 또는 감리 결과의 조치,,,제2조제2호나목,포상금 지급에 관한 적용례,제2조,0,2,나,"나. 위반 결과의 중대성 판단 1) 결과의 중대성 판단 요소 가) 위반행위의 횟수, 수량 및 금액 등의 규모 나) 투자자나 고객에 대한 경제적 피해초래 정도 다) 위반행위로 인한 사회적 파장 및 시장에 미치는 영향 등 라) 위반행위로 얻은 이익 또는 회피한 손실액의 규모 2) 결과의 중대성은 매우높음·높음·보통·낮음·매우낮음 5단계로 구분한다. 이 경우 아래의 표에 따라 구분한 각 판단 요소의 단계를 종합적으로 고려하여 최종 단계를 정한다. <표>"
목,4,심리 또는 감리 결과의 조치,,,제2조제2호다목,포상금 지급에 관한 적용례,제2조,0,2,다,"다. 부과금액 구간 설정 1) 공정거래질서 저해 또는 시장의 공신력 실추행위 <표> 2) 심리 또는 감리업무 지장 초래행위 <표> 3) 제15조에 따라 규정 제22조제1항제3호의 징계를 가중하여 회원제재금의 징계를 하는 경우 부과금액 구간은 부과금액 구간 하한으로 한다. 4) 제16조에 따라 규정 제22조제1항제1호의3의 징계를 감경하여 회원제재금의 징계를 하는 경우 부과금액 구간은 부과금액 구간 상한으로 한다. 5) 공정거래질서 저해 또는 시장의 공신력 실추행위(법 제180조와 관련한 거래소 업무관련규정 위반행위는 제외)가 단순 실수에 의한 위반이 명백한 경우의 부과금액 구간은 1) 표의 부과금액 구간 하한과 5천만원 이상 1억원 미만 구간 중 어느 하나로 한다. 이 경우, 원인 및 결과의 중대성 판단 요소를 고려할 수 있다."
호,4,심리 또는 감리 결과의 조치,,,제2조제3호,포상금 지급에 관한 적용례,제2조,0,3,0,가중·감경
목,4,심리 또는 감리 결과의 조치,,,제2조제3호가목,포상금 지급에 관한 적용례,제2조,0,3,가,"가. 제17조제2호에 따른 회원제재금의 가중 또는 감경은 부과금액 구간을 한 단계 상향 또는 하향하는 방법으로 한다. 다만, 제16조제3항에 따른 자진신고가 있는 경우에는 한 단계 이상 하향할 수 있다."
목,4,심리 또는 감리 결과의 조치,,,제2조제3호나목,포상금 지급에 관한 적용례,제2조,0,3,나,나. 부과금액 구간의 상한을 가중하거나 하한을 감경하는 경우에는 징계의 종류를 다음과 같이 한다. 1) 상한을 가중하는 경우 : 규정 제22조제1항제1호의3의 징계 2) 하한을 감경하는 경우 : 규정 제22조제1항제3호의 징계
목,4,심리 또는 감리 결과의 조치,,,제2조제3호다목,포상금 지급에 관한 적용례,제2조,0,3,다,"다. 증액·감액 아래의 요소를 감안하여 부과금액 구간 내에서 부과금액을 증액 또는 감액할 수 있다. 1) 회원의 자세 또는 태도(책임인정 또는 책임부인 및 은폐시도 등) 2) 회원의 자발적인 시정 또는 징계조치, 재발방지 노력, 내부감독 또는 통제절차 마련 여부 3) 심리·감리 업무에 대한 협조 자세, 자료 제출 또는 출석시한의 준수여부, 심리·감리 기간 지연 초래 정도"
호,4,심리 또는 감리 결과의 조치,,,제2조제4호,포상금 지급에 관한 적용례,제2조,0,4,0,회원제재금의 감면 등
목,4,심리 또는 감리 결과의 조치,,,제2조제4호가목,포상금 지급에 관한 적용례,제2조,0,4,가,가. 동일한 위반행위에 대하여 금융위원회로부터 과징금의 형태로 제재조치를 이미 받은 회원이 규정 제26조에 따른 사전통지를 받은 날부터 5일 이내에 위원회에 금융위원회의 제재조치를 받은 사실을 보고한 경우에는 과징금 수준 등을 고려하여 이 기준에 따른 회원제재금을 감면할 수 있다.
목,4,심리 또는 감리 결과의 조치,,,제2조제4호나목,포상금 지급에 관한 적용례,제2조,0,4,나,나. 삭제 <2026. 1. 29.＞
목,4,심리 또는 감리 결과의 조치,,,제2조제4호다목,포상금 지급에 관한 적용례,제2조,0,4,다,다. 제15조의2제2항에 따라 회원의 수개의 행위 각각에 대해 회원제재금을 부과하는 경우 합산한 회원제재금은 규정 제22조제1항제2호의 상한금액을 초과할 수 없다.
호,4,심리 또는 감리 결과의 조치,,,제2조제5호,포상금 지급에 관한 적용례,제2조,0,5,0,회원제재금 과오납금의 환급 등
목,4,심리 또는 감리 결과의 조치,,,제2조제5호가목,포상금 지급에 관한 적용례,제2조,0,5,가,가. 위원회는 회원제재금 부과조치를 받은 회원이 규정 제27조에 따른 이의신청의 인용 또는 규정 제27조의2에 따른 직권재심 등의 사유로 회원제재금 과오납금의 환급을 청구하는 경우 이를 지체없이 환급하여야 한다.
목,4,심리 또는 감리 결과의 조치,,,제2조제5호나목,포상금 지급에 관한 적용례,제2조,0,5,나,나. 위원회는 가목에 따라 회원제재금 과오납금을 환급하는 경우 환급받을 회원이 위원회에 납부하여야 하는 회원제재금 또는 약식제재금이 있으면 환급하는 금액을 당해 회원제재금 또는 약식제재금에 충당할 수 있다.
목,4,심리 또는 감리 결과의 조치,,,제2조제5호다목,포상금 지급에 관한 적용례,제2조,0,5,다,다. 위원회는 가목에 따라 회원제재금 과오납금을 환급하는 경우에 회원제재금을 납부한 날부터 환급하는 날까지의 기간에 대하여 법 시행령 제383조의2에서 정하는 가산금 이율을 적용한 환급가산금을 환급받을 회원에게 지급하여야 한다. [별표 1의2] <신설 2021.3.12> 공매도 점검결과 보고 사항
호,4,심리 또는 감리 결과의 조치,,,제2조제1호,포상금 지급에 관한 적용례,제2조,0,1,0,"결제수량 부족 우려 거래 점검 결과(규정 제19조의2제1항제1호,제2항) <표>"
호,4,심리 또는 감리 결과의 조치,,,제2조제2호,포상금 지급에 관한 적용례,제2조,0,2,0,"선매도 후매수 거래 점검 결과(규정 제19조의2제1항제2호,제2항) <표> 주1) 내국인의 경우 사업자등록번호, 외국인의 경우 외국인등록번호 [별표 2] 약식제재금 부과기준 <신설 2006.11.30, 2007.8.27, 2008.6.27, 2009.3.27, 2009.11.27, 2010.5.31, 2011.12.26, 2012.4.10, 2015.11.20, 2016.4.18, 2017.8.11, 2019.9.20., 2022.6.15., 2025.5.15., 2026.5.19> 약식제재금 부과기준"
호,4,심리 또는 감리 결과의 조치,,,제2조제1호,포상금 지급에 관한 적용례,제2조,0,1,0,약식제재금 부과기준 <표>
목,4,심리 또는 감리 결과의 조치,,,제2조제1호가목,포상금 지급에 관한 적용례,제2조,0,1,가,가. 자기주식매매의 신고관련규정 위반 <표> 주1) 거래량대비 비율은 위반수량/당일총거래량 × 100를 말함 2) 신청수량대비 비율은 위반수량/신청수량 × 100를 말함 3) 보통주식과 종류주식을 구분하여 계산함
목,4,심리 또는 감리 결과의 조치,,,제2조제1호나목,포상금 지급에 관한 적용례,제2조,0,1,나,나. 삭제
목,4,심리 또는 감리 결과의 조치,,,제2조제1호다목,포상금 지급에 관한 적용례,제2조,0,1,다,다. 프로그램매매 호가표시 위반 <표>
목,4,심리 또는 감리 결과의 조치,,,제2조제1호라목,포상금 지급에 관한 적용례,제2조,0,1,라,라. 미결제약정수량의 제한 위반 (1) 기본부과금 : 10만원 (2) 추가부과금 : 미결제약정제한수량 초과 1계약당 1만원 주1) 위반수량은 해당 거래일중 최고 위반수량을 적용 주2) 위반건수는 동일 거래일에 여러 번 반복하여 위반한 경우에도 1회로 산정함 주3) 최초 위반발생 이후 미결제약정제한 초과 수량을 처분하기 이전에 순미결제약정수량이 증가하는 거래를 하는 경우에는 위반건수를 거래일별로 구분하여 별도 부과함
목,4,심리 또는 감리 결과의 조치,,,제2조제1호마목,포상금 지급에 관한 적용례,제2조,0,1,마,"마. 누적호가수량의 제한 위반 (1) 기본부과금 : 누적호가수량 한도를 초과한 계좌에 대해 10만원 (2) 추가부과금 : 누적호가수량 한도 초과 1환산수량당 1만원 (소숫점 이하는 절사) 주1) 위반수량은 해당 거래일중 최고 위반수량을 적용 주2) 위반건수는 동일 거래일에 여러 번 반복하여 위반한 경우에도 1회로 산정함 주3) 동일계좌에서 코스피200선물/코스피200스프레드/코스피200옵션 관련 거래와 미니코스피200선물/미니코스피200스프레드/미니코스피200옵션 관련 거래에서 각각 위반이 발생한 경우 각 거래별로 약식제재금을 산정한 후 합산하되, 합산금액이 규정최고액을 초과하는 경우에는 규정최고액을 부과한다. 주4) ‘환산수량’은 옵션의 델타를 감안하여 「파생상품시장 업무규정 시행세칙」별표 17의2 제2호 나목의 방법에 따라 산출된 수량"
목,4,심리 또는 감리 결과의 조치,,,제2조제1호바목,포상금 지급에 관한 적용례,제2조,0,1,바,"바. 그 밖의 약식제재금 부과대상 규정위반행위 규정최고액의 범위내에서 위반행위의 성격, 횟수, 규모, 당해 회원의 자발적인 노력 등을 감안하여 위원장이 정하는 금액으로 한다."
호,4,심리 또는 감리 결과의 조치,,,제2조제2호,포상금 지급에 관한 적용례,제2조,0,2,0,약식제재금 감면 다음 각목의 어느 하나에 해당하는 경우에는 약식제재금을 감경 또는 면제할 수 있다.
목,4,심리 또는 감리 결과의 조치,,,제2조제2호가목,포상금 지급에 관한 적용례,제2조,0,2,가,가. 시스템 장애 등 부득이한 사유에 의하여 발생한 경우
목,4,심리 또는 감리 결과의 조치,,,제2조제2호나목,포상금 지급에 관한 적용례,제2조,0,2,나,나. 사전에 자발적인 시정 또는 당해 임직원에 대한 조치 등으로 재발방지를 위한 노력이 인정되는 경우
목,4,심리 또는 감리 결과의 조치,,,제2조제2호다목,포상금 지급에 관한 적용례,제2조,0,2,다,다. 신고의무 위반행위에 대하여 회원의 귀책사유가 없는 경우
목,4,심리 또는 감리 결과의 조치,,,제2조제2호라목,포상금 지급에 관한 적용례,제2조,0,2,라,라. 그 밖에 위원장이 약식제재금의 부과가 적당하지 아니하다고 인정하는 경우
